," SC1.Among knee injuries, are you aware of the Anterior Cruciate Ligament (ACL) injury?", Q1.How did you learn about the ACL injury?Å^1Injury to self,2.Injury to family or relatives,3.Injury to friends,4.Lecture from family,5.Lecture from coach,6.Classroom session on Health,"7.Any Classroom session, except on health",8.Television,9.Magazine,10.Comics,11.Internet,12.Newspaper,13.Poster or flyer in the hospital,14.Others, Q2.Please select Åglikely to be a risk of ACL injuryÅh or Ågnot likely to be a risk of ACL injuryÅh for each factor.Å^1.Bone geometry,2.ACL size,3.Joint laxity,4.Hormone,5.Flexibility,6.Foot pronation,7.Weakness of front thigh (quadriceps),8.Weakness of back thigh (hamstrings),9.Weakness of hip muscles,10.Poor single limb balance,11.Increase of weight,12.Drinking,13.Smoking,14.Genu valgum during landing,15.Genu varum during landing,,
USER_ID,SC1,Q1-1,Q1-2,Q1-3,Q1-4,Q1-5,Q1-6,Q1-7,Q1-8,Q1-9,Q1-10,Q1-11,Q1-12,Q1-13,Q1-14,Q2.1,Q2.2,Q2.3,Q2.4,Q2.5,Q2.6,Q2.7,Q2.8,Q2.9,Q2.10,Q2.11,Q2.12,Q2.13,Q2.14,Q2.15,SEX,AGE
1,1,0,0,0,0,0,0,0,1,0,0,0,0,0,0,1,1,1,2,1,2,1,2,2,1,1,2,2,2,2,2,34
2,1,0,0,0,0,0,0,0,1,0,0,0,0,0,0,1,1,1,2,1,2,1,1,1,1,1,2,2,1,1,1,49
3,1,0,0,0,0,0,0,0,1,0,0,0,0,0,0,2,1,1,2,1,2,1,1,1,1,1,2,2,2,1,1,49
4,1,0,0,0,0,0,0,0,1,0,0,0,0,0,0,1,1,2,2,1,1,1,1,2,1,1,2,2,1,1,2,53
5,1,0,0,0,0,0,0,0,1,0,0,0,1,0,0,1,1,2,2,1,1,1,1,1,1,1,2,2,1,1,2,52
6,1,0,1,0,0,0,0,0,0,0,0,0,0,0,0,2,1,1,2,1,1,1,1,1,1,1,2,2,1,1,2,44
7,1,0,0,0,0,0,0,0,1,0,0,0,0,0,0,2,1,2,2,2,2,2,2,2,2,1,2,2,2,2,2,55
8,1,0,0,0,1,0,0,0,0,0,0,0,0,0,0,2,2,2,1,1,2,1,1,1,1,1,2,2,1,1,2,49
9,1,0,0,0,0,0,0,0,0,0,0,1,0,0,0,1,1,1,1,1,2,1,1,2,1,1,2,2,1,1,1,46
10,1,0,0,0,0,0,0,0,1,0,0,0,1,0,0,1,1,1,1,1,1,1,1,1,1,1,1,1,1,1,1,44
11,1,0,0,1,0,0,0,0,0,0,0,0,0,0,0,1,1,1,1,1,2,1,1,1,1,1,1,1,1,1,2,40
12,1,0,0,0,0,0,0,1,0,0,0,0,0,0,0,2,2,2,2,2,2,2,2,2,2,2,2,2,2,2,2,44
13,1,0,0,0,0,0,0,0,0,0,0,1,0,0,0,2,2,2,2,1,2,2,2,2,2,1,2,2,2,2,2,38
14,1,0,0,0,0,0,0,0,1,0,0,0,0,0,0,2,2,1,2,1,2,2,2,2,2,1,2,2,2,2,1,44
15,1,0,0,1,0,1,0,0,0,0,0,1,0,0,0,1,1,1,2,1,2,1,1,1,1,1,2,2,1,1,1,49
16,1,0,0,0,0,0,0,0,1,0,0,0,0,0,0,1,1,1,1,1,1,1,1,1,1,1,1,1,1,1,1,38
17,1,0,0,1,0,0,0,0,0,0,0,0,0,0,0,1,1,2,2,1,2,1,1,1,1,1,2,2,1,1,2,42
18,1,0,0,0,0,0,0,0,1,0,0,0,0,0,0,1,1,1,1,1,2,1,1,1,1,1,2,2,1,1,2,44
19,1,0,0,0,0,0,0,0,1,0,0,0,0,0,0,2,2,2,2,2,2,2,2,2,2,2,2,2,2,2,2,38
20,1,0,1,0,0,1,0,0,0,0,0,0,0,0,0,1,1,1,2,1,2,1,1,1,1,1,1,2,1,1,1,52
21,1,0,0,0,0,1,1,0,1,0,0,0,0,0,0,2,1,2,2,1,2,1,1,1,1,1,2,2,1,1,2,39
22,1,0,0,1,0,0,0,0,0,0,0,0,0,0,0,1,1,1,2,1,2,1,1,2,1,1,2,2,1,2,1,52
23,1,0,0,1,0,0,0,0,0,0,0,0,0,0,0,1,1,1,2,1,2,1,1,1,1,1,2,2,1,1,1,56
24,1,0,0,0,0,0,0,0,1,0,0,0,0,0,0,2,1,2,2,1,1,1,1,1,1,1,1,1,1,1,2,29
25,1,0,0,1,0,1,0,0,0,0,0,0,0,0,0,2,1,1,2,1,1,1,1,1,1,1,2,2,1,1,1,57
26,1,0,0,1,0,0,0,0,0,0,0,0,0,0,0,1,2,1,2,1,1,1,1,1,1,1,2,2,1,1,2,46
27,1,0,0,0,0,0,0,0,1,0,0,0,0,0,0,1,2,1,2,1,2,1,1,1,1,1,2,2,2,2,2,47
28,1,0,1,0,0,0,0,0,0,0,0,0,0,0,0,2,1,1,2,1,1,1,1,1,1,1,1,2,1,1,2,33
29,1,0,0,0,0,0,1,0,0,0,0,0,0,0,0,2,2,2,2,1,2,2,2,2,2,1,2,2,2,2,1,29
30,1,0,0,0,0,0,0,0,1,0,0,1,0,0,0,1,1,1,2,1,1,1,1,1,1,1,2,1,1,1,1,40
31,1,0,0,0,0,0,0,0,1,0,0,0,0,0,0,2,1,1,2,1,1,1,1,1,1,1,2,2,1,1,2,54
32,1,0,1,0,0,0,0,0,0,0,0,0,0,0,0,1,1,1,1,1,1,1,1,1,1,1,2,2,1,1,2,56
33,1,0,0,1,0,0,0,0,0,0,0,0,0,0,0,1,1,1,1,1,1,1,1,1,1,1,1,1,1,1,1,57
34,1,0,0,0,0,0,0,0,0,0,0,0,0,0,1,2,2,2,2,2,2,2,2,2,2,2,2,2,2,2,2,50
35,1,0,0,0,0,0,0,0,1,0,1,1,0,0,0,1,1,1,2,2,2,1,1,1,1,1,2,2,1,1,2,55
36,1,0,0,0,0,0,0,0,1,0,0,0,0,0,0,2,1,1,2,1,2,1,2,1,1,1,2,2,2,1,2,54
37,1,1,0,0,0,0,0,0,0,0,0,0,0,0,0,1,1,1,2,1,2,1,1,1,1,1,2,2,2,2,1,49
38,1,0,0,0,0,0,0,0,1,0,0,0,0,0,0,1,1,1,1,1,1,1,1,1,1,1,1,1,1,1,1,40
39,1,0,0,0,0,0,0,0,1,0,0,0,0,0,0,2,2,2,2,2,2,2,2,2,2,1,2,2,1,2,2,44
40,1,0,0,0,0,0,0,0,1,0,0,0,0,0,0,1,1,1,2,1,2,2,1,2,2,1,2,2,1,2,1,35
41,1,0,0,1,0,0,0,0,0,0,0,0,0,0,0,2,1,2,2,2,2,2,2,1,2,2,2,2,2,2,1,38
42,1,0,0,0,0,0,0,0,1,0,0,0,1,0,0,1,2,1,1,1,2,1,1,1,1,1,1,1,1,1,2,52
43,1,0,0,0,0,0,0,0,1,0,1,1,0,0,0,2,1,1,2,1,2,1,1,1,1,1,1,1,1,1,2,46
44,1,0,0,0,0,0,0,0,1,0,0,0,0,0,0,2,2,2,2,1,2,2,2,1,1,1,1,1,2,1,1,55
45,1,0,0,0,0,0,0,0,1,0,0,1,1,0,0,2,1,2,2,1,2,2,2,2,2,1,2,2,1,1,1,42
46,1,0,0,1,0,0,0,0,0,0,0,0,0,0,0,1,1,1,2,1,1,1,1,1,1,1,2,2,2,2,2,43
47,1,0,0,0,0,0,0,0,1,0,0,0,0,0,0,2,1,2,2,1,2,2,2,2,2,1,2,2,2,2,2,39
48,1,0,0,0,0,0,0,0,1,0,0,0,0,0,0,2,2,1,2,1,2,1,1,1,1,1,2,2,1,1,2,57
49,1,0,0,1,0,0,0,0,0,0,0,0,0,0,0,2,2,2,2,1,2,1,2,2,1,1,1,2,1,2,2,38
50,1,0,0,0,0,0,0,0,1,0,0,0,0,0,0,1,2,1,1,1,1,1,1,1,1,1,2,1,2,1,2,51
51,1,1,0,0,0,0,0,0,0,0,0,0,0,0,0,2,2,2,2,2,2,2,2,2,2,2,2,2,2,2,1,48
52,1,0,0,0,0,0,0,0,1,0,0,1,0,0,0,1,1,2,2,1,2,1,1,1,1,1,2,2,1,1,2,47
53,1,0,0,0,0,0,0,0,1,0,0,1,0,0,0,2,1,2,2,1,2,1,1,2,2,1,2,2,2,2,2,25
54,1,1,0,0,0,0,0,0,0,0,0,0,0,0,0,2,2,1,2,1,2,1,1,2,2,2,2,2,2,2,1,39
55,1,0,0,0,0,0,0,0,1,0,0,0,1,0,0,1,1,1,2,1,2,1,1,1,1,1,2,2,2,2,2,49
56,1,0,0,1,0,0,0,0,0,0,0,0,0,0,0,2,2,2,2,1,2,2,2,1,2,2,2,2,2,2,1,49
57,1,0,0,1,0,0,0,0,0,0,0,0,0,0,0,1,1,1,2,1,2,1,1,2,1,1,2,2,1,2,2,40
58,1,0,0,0,0,0,0,0,1,0,0,0,0,0,0,2,2,2,2,1,2,2,2,2,2,2,2,2,2,2,1,30
59,1,0,0,0,0,0,0,0,1,0,0,0,0,0,0,1,1,1,2,1,2,1,1,1,1,1,2,2,1,1,2,51
60,1,0,0,0,0,0,0,0,1,1,0,1,1,0,0,1,1,1,2,1,2,1,1,1,2,1,1,1,1,1,2,51
61,1,0,0,0,0,0,0,0,1,0,0,1,0,0,0,2,2,2,2,1,2,1,1,1,1,1,2,2,2,2,2,48
62,1,0,0,0,0,0,0,0,1,0,0,0,0,0,0,2,2,1,2,1,2,2,2,2,1,1,2,2,2,1,2,42
63,1,1,0,1,0,1,0,0,1,1,0,1,1,0,0,2,1,1,2,1,1,1,1,2,1,1,1,1,1,1,1,36
64,1,0,0,1,1,0,0,0,0,0,0,0,0,0,0,1,1,1,2,1,2,1,1,1,1,1,2,2,1,1,2,57
65,1,0,0,0,0,0,0,0,1,0,0,0,0,0,0,2,2,2,2,1,2,2,2,2,2,2,2,2,2,2,2,43
66,1,0,0,1,0,0,0,0,0,0,0,0,0,0,0,1,2,1,2,1,1,1,1,1,1,1,1,1,1,1,1,38
67,1,0,0,0,0,0,0,0,1,0,0,0,0,0,0,1,1,1,2,1,1,1,1,1,1,1,2,2,1,1,1,47
68,1,0,0,0,0,0,0,0,1,0,0,1,0,0,0,2,2,2,2,1,2,1,1,1,1,1,2,2,2,2,1,48
69,1,1,0,0,0,0,0,0,0,0,0,0,0,0,0,1,1,1,2,2,2,1,2,1,2,2,2,2,2,2,1,35
70,1,0,0,0,0,0,0,0,1,0,0,0,0,0,0,2,2,2,2,1,2,2,1,2,2,2,2,2,2,2,1,52
71,1,0,0,0,0,0,0,0,1,0,0,0,1,0,0,1,1,1,2,1,2,1,1,1,1,1,2,2,1,1,1,55
72,1,0,0,0,0,0,0,0,1,0,0,0,0,1,0,1,1,1,1,1,2,1,1,1,1,1,2,1,1,1,2,44
73,1,0,0,0,0,0,0,0,1,0,0,1,1,0,0,1,1,1,2,1,1,1,1,1,1,1,2,2,1,1,2,53
74,1,0,0,0,0,0,0,0,1,0,0,1,1,0,0,2,2,1,2,1,2,2,2,2,2,2,2,2,2,2,1,38
75,1,0,0,0,0,0,0,0,1,0,0,0,0,0,0,2,2,2,2,2,2,2,2,2,2,2,2,2,2,1,2,52
76,1,0,0,0,0,0,0,0,1,0,0,0,0,0,0,1,2,2,2,1,2,2,2,2,2,2,2,2,2,2,1,44
77,1,0,0,0,0,0,0,0,1,0,0,0,0,0,0,1,1,1,2,1,2,1,1,2,1,1,2,2,1,1,2,37
78,1,0,0,1,0,0,0,0,0,0,0,0,0,0,0,1,1,1,2,1,1,1,1,1,1,1,2,2,1,1,2,52
79,1,0,0,0,0,0,0,0,1,0,0,0,0,0,0,1,2,1,1,1,2,2,2,2,2,2,2,2,2,2,2,53
80,1,0,0,0,0,0,0,0,1,0,0,0,0,0,0,2,2,2,2,2,2,2,2,2,2,2,2,2,2,2,2,59
81,1,0,0,0,0,0,0,0,1,0,0,0,0,0,0,1,1,1,2,1,1,1,1,1,1,1,2,2,1,1,1,42
82,1,0,0,0,0,1,0,0,0,0,0,0,0,0,0,1,1,1,2,2,2,2,2,2,2,1,2,2,1,1,2,50
83,1,0,0,0,0,0,0,0,0,0,0,0,0,0,1,2,1,1,2,1,2,1,1,1,1,1,2,2,1,1,2,56
84,1,0,0,0,0,0,0,0,1,0,0,0,1,0,0,1,1,1,1,1,2,1,1,1,1,1,2,2,1,1,1,57
85,1,0,0,1,0,0,0,0,0,0,0,0,0,0,0,2,1,1,2,1,2,1,1,1,1,1,2,2,1,1,1,58
86,1,1,0,0,0,0,0,0,0,0,0,0,0,0,0,1,2,2,1,2,2,2,2,2,1,1,2,2,2,1,2,41
87,1,1,0,0,0,0,0,0,0,0,0,0,0,0,0,2,1,2,2,2,1,1,1,1,1,1,1,1,1,1,1,36
88,1,0,0,0,0,0,0,0,1,0,0,0,0,0,0,1,1,1,2,1,2,2,2,2,1,2,2,2,1,2,1,44
89,1,0,0,1,0,0,0,0,0,0,0,0,0,0,0,1,2,1,2,2,2,1,1,2,1,1,2,1,1,1,2,56
90,1,0,0,1,0,0,0,0,0,0,0,0,1,0,0,2,2,2,2,1,2,2,2,1,2,2,2,2,2,1,1,40
91,1,0,0,1,0,0,0,0,0,0,0,0,0,0,0,1,2,1,2,1,2,1,1,1,1,1,2,2,1,1,1,50
92,1,0,0,0,0,0,0,0,1,0,0,0,0,0,0,1,1,1,2,1,2,2,2,2,2,2,2,2,2,2,1,54
93,1,0,0,1,0,0,0,0,0,0,0,0,0,0,0,1,1,1,2,1,1,1,1,1,1,1,2,2,2,2,1,58
94,1,0,0,0,0,0,0,0,1,1,0,1,1,0,0,2,1,2,2,1,1,1,1,1,1,1,2,2,1,1,1,49
95,1,0,0,1,0,1,0,0,1,0,0,0,0,0,0,2,1,1,2,1,1,1,1,1,1,2,2,2,2,2,1,36
96,1,0,0,1,0,1,0,0,0,0,0,0,0,0,0,2,2,1,2,1,1,2,1,1,1,2,2,2,1,2,2,34
97,1,0,0,1,0,1,0,0,0,0,0,0,0,0,0,1,1,1,2,1,1,1,1,1,1,1,2,2,1,1,2,49
98,1,0,1,1,0,1,0,0,1,0,0,0,0,0,0,2,1,1,2,1,2,1,1,1,1,1,2,2,1,1,1,57
99,1,0,0,0,0,0,0,0,0,0,0,0,0,1,0,2,1,1,2,1,2,1,1,2,1,1,2,2,1,2,2,47
100,1,0,0,0,0,1,0,0,0,0,0,0,0,0,0,1,1,1,2,1,1,1,1,1,1,1,2,2,1,1,1,49
101,1,0,0,0,0,0,0,0,1,0,0,0,0,0,0,1,1,1,1,1,1,1,1,1,1,1,2,2,2,1,1,58
102,1,0,1,0,0,1,1,1,1,1,0,0,0,0,0,2,2,1,1,1,2,1,2,1,2,2,2,2,2,2,2,28
103,1,0,0,0,0,0,0,0,1,0,0,0,0,0,0,2,2,1,2,1,2,1,2,1,1,1,2,2,1,1,2,38
104,1,0,1,0,0,0,0,0,0,0,0,0,0,0,0,1,1,2,2,2,2,2,2,2,1,2,2,1,1,1,2,37
105,1,0,0,0,0,0,0,0,1,0,0,1,1,0,1,1,1,1,2,1,2,1,1,1,1,1,2,2,1,1,2,45
106,1,0,0,1,0,0,0,0,0,0,0,0,0,0,0,2,1,1,2,1,1,2,2,1,1,1,2,2,2,2,2,25
107,1,0,0,1,0,0,0,0,0,0,0,0,0,0,0,2,1,1,2,1,2,2,2,1,1,1,2,2,2,2,1,28
108,1,0,0,0,0,0,0,0,1,0,0,0,0,0,0,2,2,2,2,1,1,2,2,2,2,1,1,1,1,1,2,35
109,1,0,0,0,0,0,0,0,0,0,0,0,1,0,0,2,1,1,2,1,1,1,1,1,1,1,2,2,1,1,1,41
110,1,0,0,0,0,0,0,0,1,0,0,0,0,0,0,1,1,1,2,1,1,1,1,1,1,1,2,2,1,1,2,37
111,1,0,0,1,0,0,0,0,0,0,0,0,0,0,0,1,1,1,2,1,2,1,1,2,1,1,2,2,1,1,1,58
112,1,0,0,0,0,0,0,0,1,0,0,0,0,0,0,1,1,1,1,1,1,1,1,1,1,1,2,2,1,1,1,53
113,1,1,0,0,0,0,0,0,0,0,0,0,0,0,0,1,1,1,2,2,2,1,2,2,2,1,1,1,1,1,1,35
114,1,0,0,0,0,0,0,0,1,0,0,0,0,0,0,2,2,2,2,2,2,2,2,2,2,2,2,2,2,2,2,26
115,1,0,0,0,0,0,0,0,1,0,0,0,0,0,0,1,2,2,2,2,2,2,2,2,1,1,1,1,2,2,1,39
116,1,0,0,1,0,1,0,0,1,0,0,1,1,0,0,2,1,1,2,1,2,1,1,2,1,1,2,2,1,2,1,42
117,1,0,0,0,0,0,0,0,1,0,0,1,0,0,0,1,1,2,1,2,1,2,2,2,1,1,1,2,2,2,1,29
118,1,0,0,1,0,0,0,0,0,0,0,0,0,0,0,1,1,1,2,2,1,1,1,1,1,1,1,1,1,1,2,39
119,1,0,0,0,0,0,0,0,1,0,0,0,0,0,0,1,1,1,2,1,1,1,1,1,1,1,2,2,1,1,2,42
120,1,0,0,0,0,0,0,0,1,0,0,0,0,0,0,1,1,1,1,1,2,1,1,1,1,1,2,2,1,1,1,25
121,1,0,0,0,0,0,0,0,1,0,0,0,0,0,0,2,2,2,2,2,2,2,2,2,2,2,2,2,2,2,2,29
122,1,0,0,0,0,0,0,0,1,0,0,0,0,0,0,1,1,1,1,1,1,1,1,1,1,1,1,1,1,1,1,29
123,1,0,0,0,0,0,0,0,0,0,0,1,0,0,0,1,1,1,1,1,2,1,1,1,1,1,1,1,1,1,1,27
124,1,0,0,0,0,1,0,0,1,0,0,0,0,0,0,2,1,2,2,1,1,2,2,2,2,1,1,1,1,1,2,39
125,1,0,0,0,0,0,0,0,1,0,0,0,0,0,0,2,1,1,2,1,1,1,1,1,1,1,1,2,1,1,1,39
126,1,0,0,0,0,0,0,1,0,0,0,0,0,0,0,2,2,1,2,1,1,1,1,1,1,1,1,1,1,1,2,31
127,1,0,0,0,0,0,0,0,0,0,0,0,0,1,0,1,1,1,2,1,2,1,2,2,1,1,2,2,2,2,1,51
128,1,0,0,0,0,0,0,0,1,0,0,0,0,0,0,1,1,1,2,1,2,1,1,2,1,1,2,2,1,1,2,45
129,1,0,0,0,0,0,0,0,1,0,0,0,0,0,0,2,2,1,2,2,2,2,2,1,1,1,2,2,1,1,1,37
130,1,0,0,0,0,0,0,0,0,0,0,0,0,0,1,2,1,1,2,1,2,2,1,1,2,2,2,2,2,2,1,26
131,1,0,0,1,0,1,0,0,1,0,0,1,0,1,0,1,1,1,2,2,2,2,1,1,1,1,1,2,1,1,2,55
132,1,0,0,1,0,0,0,0,0,0,0,0,0,0,0,2,2,1,2,1,2,2,2,2,2,2,2,2,1,1,2,40
133,1,0,0,0,0,0,0,0,1,0,0,0,0,0,0,2,1,1,2,1,1,1,1,2,2,1,2,2,1,1,2,36
134,1,0,0,0,0,0,0,0,1,0,0,0,0,0,1,1,1,1,2,1,1,1,1,2,1,1,2,2,1,2,2,53
135,1,0,1,0,0,0,0,0,0,0,0,0,0,0,0,2,2,2,2,2,2,2,2,2,2,2,2,2,2,2,2,26
136,1,0,0,0,0,0,1,0,1,0,0,0,0,0,0,2,2,1,1,1,1,1,1,1,1,1,2,2,1,1,2,35
137,1,0,1,0,0,1,0,0,1,0,0,0,0,0,0,1,1,1,2,1,2,1,1,1,1,1,2,2,1,1,2,42
138,1,0,0,0,0,0,0,0,1,0,0,0,0,1,0,2,2,2,2,1,1,2,2,1,1,1,1,1,2,2,2,56
139,1,0,0,0,0,0,0,0,1,0,0,0,0,0,0,2,1,1,2,1,2,1,2,1,1,1,2,2,1,1,2,46
140,1,0,0,1,0,0,0,0,0,0,0,0,0,0,0,1,1,1,2,1,2,1,1,1,1,1,2,2,2,2,2,38
141,1,0,0,0,0,1,0,0,1,0,0,1,0,0,0,1,1,1,2,1,2,1,1,1,1,1,2,2,1,1,2,55
142,1,0,0,1,0,1,0,0,1,1,0,1,0,1,0,1,1,1,1,1,2,1,1,1,1,1,2,2,1,2,1,50
143,1,0,0,0,0,0,0,0,1,0,0,0,0,0,0,2,2,2,2,2,2,2,2,2,2,2,2,2,1,1,1,41
144,1,0,0,0,0,1,0,0,1,1,0,1,0,0,0,2,1,1,2,1,2,1,1,1,1,1,2,2,1,1,1,43
145,1,0,0,0,0,0,0,0,0,0,0,0,1,0,0,2,1,2,2,1,2,1,1,1,1,1,2,2,2,2,1,51
146,1,0,1,0,0,0,0,0,0,0,0,0,0,0,0,2,2,2,2,1,2,2,1,2,2,1,2,2,2,1,2,29
147,1,1,0,0,0,0,0,0,0,0,0,0,0,0,0,2,2,2,2,2,2,2,2,2,2,1,1,2,1,1,1,59
148,1,0,0,0,0,1,0,0,0,0,0,0,0,0,0,1,1,1,2,1,2,1,1,2,1,1,2,2,1,1,1,47
149,1,1,0,0,0,0,0,0,0,0,0,0,0,0,0,1,1,1,2,1,2,1,1,1,1,1,2,2,1,1,1,34
150,1,0,0,0,0,0,0,0,1,0,0,1,0,0,0,1,1,2,2,1,2,1,1,1,1,2,2,2,2,2,2,45
151,1,0,0,0,0,0,0,0,1,0,0,0,1,0,1,1,1,1,2,1,2,1,1,1,1,1,2,2,1,1,2,41
152,1,1,1,1,0,0,0,0,0,0,0,0,0,0,0,1,2,1,1,2,2,2,2,2,2,2,1,2,2,2,2,27
153,1,0,0,1,0,0,0,0,0,0,0,0,0,0,0,1,1,1,2,1,2,1,1,2,1,1,2,2,1,1,1,45
154,1,0,0,0,0,0,0,0,0,0,0,0,0,0,1,1,1,1,2,1,1,1,1,1,2,1,2,2,1,1,2,30
155,1,0,1,1,1,0,0,0,0,0,0,0,0,0,0,1,1,1,2,1,1,1,1,1,1,1,2,2,1,1,2,49
156,1,0,0,0,0,0,0,0,1,1,0,1,1,1,0,1,1,1,2,1,1,1,1,1,1,1,1,1,1,1,1,52
157,1,0,0,0,0,0,0,0,1,0,0,1,0,0,0,1,1,1,2,1,1,1,1,1,1,1,2,2,2,2,2,46
158,1,0,0,0,0,0,0,0,1,0,0,0,0,0,0,2,1,1,2,1,2,1,1,1,1,1,2,2,2,2,2,33
159,1,0,0,0,0,0,0,0,0,0,0,0,1,0,0,1,1,1,2,1,2,2,2,1,1,1,2,2,1,1,1,29
160,1,0,0,0,0,0,0,0,1,0,0,1,0,0,0,2,1,1,2,2,2,2,2,2,2,1,2,2,2,2,2,56
161,1,0,0,0,0,0,0,0,1,0,0,0,0,0,0,1,1,1,2,1,1,1,1,1,1,1,2,1,1,1,2,58
162,1,0,0,0,0,1,0,0,1,0,0,1,0,0,0,2,1,2,2,1,1,1,1,1,2,1,2,2,1,1,2,50
163,1,0,0,1,0,0,0,0,0,0,0,0,0,0,0,2,1,1,2,1,1,1,1,1,1,1,2,1,1,1,2,50
164,1,0,0,0,0,0,0,0,1,0,0,0,0,0,0,1,2,2,2,2,2,2,2,1,2,1,2,2,2,2,2,39
165,1,0,0,0,0,0,0,0,1,0,0,0,0,0,0,1,1,1,2,1,2,1,1,1,1,1,2,2,1,1,2,32
166,1,0,0,0,0,0,0,0,1,0,0,0,0,0,0,1,1,1,2,1,1,1,1,2,1,1,1,2,1,1,2,35
167,1,0,0,0,0,0,0,0,1,0,0,0,0,1,0,2,2,2,2,2,2,2,2,2,1,2,1,2,2,2,2,33
168,1,0,0,1,0,0,0,0,0,0,0,0,0,0,0,2,1,2,2,1,2,1,1,2,1,1,2,2,1,1,2,45
169,1,0,0,1,0,0,0,0,1,0,0,0,0,0,0,1,1,1,2,1,1,1,1,1,1,2,2,2,1,1,2,33
170,1,0,1,0,0,1,0,0,0,0,1,1,0,0,0,1,1,1,2,1,1,1,1,1,1,1,2,1,1,1,1,28
171,1,1,0,0,0,0,0,0,0,0,0,0,0,0,0,1,1,1,2,1,2,1,1,1,1,1,2,2,2,2,2,35
172,1,1,0,0,0,0,0,0,0,0,0,0,0,0,0,1,2,1,2,1,2,2,1,1,1,1,1,2,1,1,1,36
173,1,0,0,0,0,0,0,0,1,0,0,0,0,0,0,2,2,2,2,1,2,2,2,1,1,1,2,2,1,1,2,57
174,1,0,0,0,0,0,0,0,1,1,0,1,0,0,0,2,2,2,2,1,2,2,2,2,1,2,2,2,2,2,1,39
175,1,0,0,0,0,0,0,0,0,0,0,1,0,1,0,2,2,2,2,2,2,1,2,2,2,2,2,2,2,2,2,30
176,1,0,0,0,0,0,0,0,0,0,0,1,1,0,0,2,1,2,2,2,2,2,2,2,2,2,2,2,2,2,1,38
177,1,0,0,0,0,0,0,0,0,0,0,0,0,0,1,2,1,1,2,1,2,1,1,1,2,1,2,2,1,1,1,28
178,1,1,0,0,0,0,0,0,0,0,0,0,0,0,0,1,1,1,2,1,2,1,1,1,1,2,2,2,2,2,1,28
179,1,0,0,0,0,0,0,0,1,0,0,1,0,0,0,2,2,2,2,1,2,1,1,1,1,1,2,2,1,1,1,45
180,1,0,0,0,0,1,0,0,0,0,0,0,0,0,0,1,1,1,2,1,1,1,1,1,1,1,2,2,1,1,1,55
181,1,0,0,0,0,0,0,0,0,1,0,0,0,0,0,1,1,1,2,1,2,1,1,1,1,1,2,2,2,2,1,47
182,1,0,0,1,0,0,0,0,0,0,0,0,0,0,0,2,2,2,2,1,2,1,1,2,2,1,2,2,1,1,2,42
183,1,0,0,0,0,0,1,0,1,1,0,0,0,0,0,1,2,1,2,1,2,1,1,1,1,1,1,1,1,1,1,41
184,1,0,0,0,0,0,0,0,0,0,0,0,0,0,1,1,1,1,1,1,1,1,1,1,1,1,1,1,1,1,2,28
185,1,0,0,1,0,0,0,0,1,0,0,0,0,0,0,1,1,1,2,2,2,1,1,1,1,2,2,2,2,2,1,59
186,1,0,1,0,0,0,0,0,0,0,0,0,0,0,0,1,1,1,2,1,1,1,1,1,1,2,2,2,2,2,2,28
187,1,0,1,1,0,0,0,0,0,0,0,0,0,0,0,1,1,1,2,1,2,1,1,1,1,1,2,2,1,1,2,24
188,1,0,0,0,0,0,0,0,1,0,0,0,0,0,0,1,1,1,2,1,2,1,1,1,1,1,2,2,1,1,1,55
189,1,0,0,0,0,0,0,0,1,0,0,0,0,0,0,2,1,2,2,1,2,2,2,2,2,1,1,1,2,2,1,26
190,1,0,0,0,0,0,0,0,0,0,0,0,0,0,1,1,1,1,1,1,1,1,1,1,1,1,2,2,1,1,2,49
191,1,0,0,0,0,0,0,0,1,0,0,0,0,0,0,2,1,1,2,1,1,1,1,1,1,1,2,2,2,2,1,35
192,1,0,0,0,0,0,0,0,1,0,0,1,0,0,0,1,1,1,2,1,2,1,1,1,1,1,2,2,1,1,1,59
193,1,0,0,0,1,0,0,0,1,0,0,0,1,1,0,1,1,1,2,1,2,1,1,1,1,1,1,1,1,1,2,57
194,1,0,0,0,0,1,0,0,0,0,0,0,0,0,0,1,1,1,1,1,1,1,1,1,1,1,1,1,1,1,1,59
195,1,0,0,0,1,0,0,0,0,0,0,0,0,0,0,1,2,1,2,1,2,1,2,1,1,2,2,2,1,2,1,38
196,1,0,0,0,0,0,0,0,1,0,0,0,0,0,0,2,2,1,2,1,2,2,2,2,1,1,2,2,2,1,2,29
197,1,0,0,1,0,0,0,0,0,0,0,0,0,0,0,2,1,2,1,1,2,1,1,1,1,1,1,1,1,1,2,24
198,1,0,0,0,0,1,0,0,0,0,0,0,0,0,0,2,1,1,2,1,2,2,2,1,1,1,1,1,1,1,1,25
199,1,0,0,0,0,0,0,0,1,0,1,1,0,0,0,2,2,2,2,1,2,1,1,1,1,1,2,2,1,1,2,32
200,1,0,0,0,0,0,0,0,0,1,0,0,0,0,0,1,1,1,1,1,1,1,1,1,1,1,2,2,1,1,1,28
201,1,0,0,1,0,0,0,0,0,0,0,0,0,0,0,1,1,1,1,1,1,1,1,1,1,1,2,2,1,1,2,57
202,1,0,0,0,0,0,0,0,0,0,0,1,0,0,0,1,1,2,2,1,2,1,2,2,1,1,1,1,1,2,1,38
203,1,1,0,1,0,0,0,0,1,0,0,0,0,0,0,2,1,1,2,2,2,1,1,2,1,2,1,1,2,2,1,42
204,1,0,0,1,0,0,0,0,0,0,0,0,0,0,0,2,2,2,2,1,1,1,1,1,1,1,2,2,1,1,2,57
205,1,1,0,1,0,1,0,0,0,0,0,0,0,0,0,1,1,1,2,1,2,1,1,1,1,1,2,2,1,1,2,27
206,1,0,0,0,0,0,0,0,1,0,0,1,0,0,0,2,1,1,2,1,2,1,1,1,1,1,2,2,1,1,2,21
207,1,0,0,0,0,0,0,0,1,0,0,0,0,0,0,2,2,2,2,2,1,1,1,1,1,1,2,2,2,2,1,31
208,1,0,0,0,0,1,0,0,0,0,0,0,0,1,0,1,1,1,1,1,2,2,2,1,1,1,2,2,1,1,1,59
209,1,0,0,1,0,0,0,0,0,0,0,0,0,0,0,1,1,2,1,1,2,1,1,1,1,1,2,2,1,1,2,33
210,1,0,0,0,0,1,0,0,1,0,1,0,1,0,0,2,1,1,2,1,2,1,1,1,1,1,1,2,1,1,1,34
211,1,0,0,0,0,0,0,0,1,0,0,0,0,0,0,1,1,1,1,1,2,1,1,1,1,1,1,1,1,1,2,39
212,1,0,0,0,0,0,0,0,1,0,0,0,0,0,0,1,1,1,1,1,2,2,2,1,1,1,1,1,1,2,1,21
213,1,0,0,0,0,0,0,0,1,0,0,0,0,0,0,2,1,2,2,1,2,2,2,2,1,1,2,2,2,2,2,29
214,1,1,0,0,0,0,0,0,0,0,0,0,0,0,0,1,1,1,2,1,2,1,1,1,1,1,2,2,1,1,2,26
215,1,0,0,0,0,0,0,0,1,0,0,0,0,0,0,2,1,1,2,1,2,1,1,1,1,2,2,2,1,1,1,42
216,1,0,0,0,0,0,1,0,0,0,0,0,0,0,0,1,2,1,1,1,1,1,1,1,1,2,2,2,1,1,2,51
217,1,0,0,0,0,0,0,0,1,0,0,0,0,0,0,1,1,1,2,1,2,1,1,2,1,1,2,2,1,1,1,36
218,1,0,0,0,0,0,0,0,1,0,0,0,0,0,0,2,1,1,2,1,2,1,1,1,1,1,1,1,1,1,1,25
219,1,0,0,0,0,0,0,0,1,0,0,1,0,0,0,1,1,1,2,1,1,1,1,1,1,1,2,2,1,1,1,26
220,1,0,0,0,0,1,0,0,0,0,0,0,0,0,0,1,2,2,2,2,2,2,2,2,2,2,2,2,2,2,2,54
221,1,0,1,0,0,0,0,0,0,0,0,0,0,0,0,2,1,1,2,1,1,1,1,1,1,1,2,2,2,1,2,26
222,1,0,0,0,0,0,0,0,1,0,0,0,0,0,0,2,1,2,2,2,2,1,1,1,1,1,2,2,1,1,2,38
223,1,0,0,0,0,0,0,0,1,0,0,1,0,0,0,2,2,2,2,1,2,1,1,2,2,1,2,2,1,1,1,22
224,1,0,1,1,0,0,0,0,0,0,0,0,0,0,0,2,2,2,2,2,2,2,2,2,2,1,2,2,1,1,2,21
225,1,0,0,1,1,0,0,0,0,0,0,0,0,0,0,2,2,2,2,2,2,2,2,2,2,2,2,2,2,2,2,29
226,1,0,0,1,0,1,0,1,1,0,0,1,0,0,0,2,1,2,2,1,2,2,1,2,2,1,2,2,2,1,1,27
227,1,0,0,1,0,0,0,0,1,0,0,1,0,0,0,2,2,1,2,2,2,2,2,1,1,1,2,2,1,1,1,59
228,1,0,0,0,0,0,0,0,1,0,0,0,0,0,0,2,1,1,2,1,1,1,1,1,2,1,2,2,1,1,1,40
229,1,0,0,0,0,0,0,0,1,0,0,0,0,0,0,2,1,2,2,1,2,1,1,1,1,1,2,2,2,2,1,54
230,1,0,0,0,0,0,0,0,1,0,0,0,0,0,0,1,1,1,2,1,2,1,1,1,1,1,2,2,1,1,1,39
231,1,0,0,0,1,0,0,0,1,0,0,0,0,0,0,2,2,1,2,1,2,2,2,1,1,2,2,2,2,2,1,57
232,1,0,0,1,0,0,0,0,1,0,0,1,0,0,0,1,1,1,2,1,2,1,1,1,1,1,1,2,2,2,1,41
233,1,0,0,0,0,0,0,0,1,0,0,0,0,0,0,2,2,2,2,1,2,2,2,2,2,2,2,2,2,2,1,27
234,1,0,0,0,0,0,0,0,1,0,0,0,0,0,0,2,1,1,2,1,2,1,1,1,1,1,2,2,1,1,2,27
235,1,0,0,0,0,0,0,0,1,0,0,0,0,0,0,2,2,1,2,1,2,2,2,1,2,1,2,2,1,2,1,27
236,1,0,0,0,0,0,0,0,1,0,0,0,0,0,0,2,2,2,2,1,2,2,2,2,2,2,2,2,2,1,2,21
237,1,0,0,0,0,0,1,0,0,0,0,0,0,0,0,1,2,1,2,1,1,1,1,1,1,1,2,2,2,1,1,27
238,1,0,0,1,0,1,0,0,0,0,0,0,0,0,0,2,2,1,2,1,2,1,1,2,2,1,1,2,1,1,2,23
239,1,0,1,0,0,0,0,0,0,0,0,0,0,0,0,2,2,2,2,2,2,2,2,2,2,2,2,2,1,1,1,48
240,1,0,0,0,0,0,0,1,0,0,0,0,0,0,1,2,2,1,1,1,1,1,1,1,1,1,1,2,1,1,2,21
241,1,0,1,0,1,0,0,0,0,0,0,0,0,0,0,2,1,2,2,1,2,1,1,2,2,1,2,2,1,1,1,53
242,1,1,0,1,0,1,0,0,0,0,0,0,0,0,0,2,1,1,2,1,2,1,1,2,2,1,1,2,2,2,1,35
243,1,0,0,0,0,0,0,0,0,0,1,0,0,0,0,2,2,2,2,1,2,1,1,1,2,1,1,2,2,2,1,37
244,1,0,0,1,0,0,0,0,0,0,0,0,0,0,0,2,1,1,2,1,1,1,1,2,1,1,2,2,1,1,1,51
245,1,0,0,0,0,1,0,0,1,0,0,0,0,1,0,1,1,2,2,1,1,2,2,1,2,1,2,2,2,1,1,21
246,1,0,0,0,0,1,0,0,1,0,0,0,0,0,0,2,1,1,2,1,2,2,1,2,1,1,2,2,1,1,1,28
247,1,0,0,1,0,1,0,0,1,1,0,0,0,0,0,1,1,1,1,1,1,1,1,1,1,1,1,1,1,1,2,28
248,1,0,0,0,0,0,0,0,1,0,0,0,0,0,0,1,2,1,2,2,2,1,1,1,1,1,2,2,1,1,1,28
249,1,0,0,0,0,0,1,0,0,0,0,0,0,0,1,2,1,1,2,1,2,1,1,1,2,1,2,2,1,1,2,29
250,1,0,0,0,0,0,0,0,1,0,0,0,0,0,0,1,1,1,1,1,1,1,1,1,1,1,2,2,1,1,2,38
251,1,1,0,0,0,0,0,0,0,0,0,0,0,0,0,1,2,2,1,2,2,2,2,2,2,2,1,1,2,2,1,29
252,1,0,0,0,0,0,0,0,1,0,0,1,1,0,0,2,1,1,2,2,2,2,2,1,1,1,2,2,1,1,1,41
253,1,0,0,0,0,0,0,0,1,0,0,0,0,0,0,1,1,1,1,1,2,1,1,1,1,1,2,2,2,2,1,29
254,1,0,0,0,0,0,0,0,1,0,0,1,0,0,0,2,1,1,2,1,1,1,1,1,1,1,2,2,2,1,2,40
255,1,0,0,0,0,0,0,0,1,0,0,0,0,0,0,1,1,2,2,2,2,2,2,2,2,2,2,2,2,2,2,40
256,1,0,0,0,0,0,0,0,1,0,0,0,0,0,0,2,1,1,2,1,1,1,1,1,2,2,1,1,1,1,2,29
257,1,0,0,0,0,0,0,0,1,0,0,0,0,0,0,2,1,1,2,1,2,1,2,2,1,1,2,2,1,2,2,39
258,1,0,0,0,0,0,0,0,1,0,0,0,0,0,0,1,1,1,2,1,2,2,2,1,1,1,1,1,1,1,1,35
259,1,0,0,1,0,1,0,0,0,0,0,0,0,0,0,2,1,1,2,1,1,1,1,1,1,1,2,1,1,1,2,28
260,1,1,0,0,0,0,0,0,0,0,0,0,0,0,0,1,1,1,2,1,1,1,1,1,1,1,2,1,1,1,1,38
261,1,0,0,0,0,0,0,0,1,1,0,1,1,0,0,1,1,1,2,1,1,1,1,1,1,1,2,2,1,1,1,46
262,1,0,0,0,0,0,0,0,1,0,0,0,0,0,0,1,1,1,1,1,1,1,1,1,1,1,1,1,1,1,1,53
263,1,0,1,1,0,0,0,0,0,0,0,0,0,0,0,2,1,1,1,1,2,1,1,2,1,1,2,2,1,1,1,22
264,1,0,0,0,0,0,0,0,0,0,0,1,0,0,0,1,1,2,2,1,1,2,2,1,1,1,2,2,2,2,1,35
265,1,0,1,0,0,0,0,0,1,0,0,0,0,0,0,2,1,1,2,1,2,2,2,1,1,1,2,1,2,2,1,29
266,1,0,0,0,0,1,0,0,0,0,0,0,0,0,0,1,1,2,2,1,2,2,2,2,1,1,1,2,2,2,1,51
267,1,0,0,0,0,1,0,0,1,1,0,1,1,1,0,1,2,1,2,1,2,1,1,1,1,1,2,2,1,1,1,55
268,1,0,0,1,0,1,0,0,1,0,0,0,0,0,0,2,1,1,2,1,2,1,1,1,1,2,2,2,1,2,1,29
269,1,0,0,0,0,0,0,0,1,0,0,0,0,0,0,2,2,2,2,2,2,2,2,2,2,2,2,2,2,2,2,25
270,1,0,0,0,0,1,0,0,1,0,0,0,0,0,0,1,1,1,2,1,1,1,1,1,1,1,1,2,1,1,1,25
271,1,0,0,1,0,0,0,0,0,0,0,0,0,0,0,2,1,1,2,1,2,1,1,1,1,1,2,2,1,1,1,34
272,1,0,0,0,0,0,0,0,1,0,0,0,0,0,0,2,1,1,2,1,2,2,2,2,2,1,2,2,2,2,2,25
273,1,0,0,1,0,0,1,0,1,0,0,0,0,0,0,1,1,2,2,1,2,1,1,1,1,2,2,2,1,1,2,28
274,1,0,0,0,0,1,0,0,1,0,0,0,0,0,0,2,2,1,2,1,2,1,1,1,1,1,2,2,1,1,2,27
275,1,0,0,0,0,0,0,0,1,0,0,0,0,0,0,2,1,1,1,1,2,1,1,1,2,2,2,2,1,1,2,39
276,1,0,0,1,0,0,0,0,1,0,0,0,0,0,0,2,2,2,2,1,2,1,1,1,1,1,2,2,2,2,1,59
277,1,0,1,0,0,0,0,0,0,0,0,0,0,0,0,1,1,2,2,1,1,1,1,1,1,2,2,2,1,1,1,25
278,1,0,0,0,0,0,0,0,1,0,0,0,0,0,0,1,1,1,2,2,2,1,2,1,2,1,2,2,2,2,2,26
279,1,0,1,1,0,0,0,0,0,0,0,0,0,0,0,2,2,1,2,1,2,1,1,1,2,1,2,2,1,2,1,35
280,1,0,0,0,0,1,0,0,0,0,0,0,0,0,0,2,1,1,2,1,2,2,2,1,1,1,2,2,1,1,1,38
281,1,0,0,0,0,0,0,0,1,0,0,0,0,0,0,2,2,2,2,1,2,2,2,1,2,2,2,2,2,2,2,26
282,1,0,0,1,0,0,0,0,0,0,0,0,0,0,0,2,1,2,2,1,2,2,1,2,2,1,2,2,1,2,1,56
283,1,0,0,0,0,0,0,0,0,0,0,1,0,0,0,2,2,2,2,2,1,2,2,2,2,2,2,2,1,1,2,25
284,1,0,0,0,0,0,0,0,1,0,0,0,0,0,0,2,1,2,2,1,2,1,2,2,2,1,2,2,2,2,1,28
285,1,0,0,0,0,1,0,0,0,0,0,0,0,0,0,2,1,1,2,1,2,1,2,1,1,1,2,2,2,2,1,27
286,1,0,0,0,0,0,0,0,1,0,0,0,0,0,0,1,1,1,1,1,2,1,1,1,1,1,2,2,1,1,2,52
287,1,0,0,0,0,0,0,0,1,0,0,0,0,0,0,2,1,1,2,1,2,1,1,1,2,1,1,1,1,1,1,36
288,1,0,1,0,0,0,0,0,0,0,0,0,0,0,0,1,1,1,1,1,1,1,1,1,1,1,1,1,1,1,2,35
289,1,0,0,0,0,0,0,0,1,1,0,1,0,0,0,1,1,1,2,1,1,1,1,1,1,1,2,2,1,1,1,21
290,1,0,0,1,0,0,0,0,1,1,0,0,0,0,0,2,1,1,2,1,2,1,1,1,1,1,2,2,1,1,1,32
291,1,0,0,0,0,1,0,0,0,0,0,0,0,0,0,1,1,1,2,1,1,1,1,2,1,2,2,2,1,1,1,22
292,1,0,0,1,0,1,0,0,0,0,0,0,0,0,0,1,1,1,1,1,1,1,1,1,1,1,1,1,1,1,1,49
293,1,0,0,0,0,0,0,0,1,0,0,0,0,0,0,2,1,1,2,1,2,2,2,1,1,1,1,1,2,2,1,20
294,1,0,0,0,0,0,0,0,1,0,0,0,0,0,0,2,1,2,2,1,2,1,2,2,1,2,2,2,1,2,2,29
295,1,0,0,0,0,0,0,0,1,0,0,0,0,0,0,1,2,2,1,2,2,2,2,1,2,1,2,2,2,2,2,32
296,1,0,0,0,0,0,0,0,1,0,0,0,0,0,0,2,1,1,2,1,2,1,1,2,2,1,2,2,1,2,2,51
297,1,0,0,0,0,0,0,0,1,0,0,0,0,0,0,1,2,1,2,1,2,1,1,2,1,1,2,2,2,2,2,48
298,1,0,0,0,0,0,0,0,1,0,0,0,0,0,0,2,2,2,2,1,2,1,1,1,1,1,1,1,2,2,2,44
299,1,0,0,1,0,0,0,0,0,0,0,0,0,0,0,1,1,2,2,1,2,1,1,2,2,1,2,2,2,1,1,35
300,1,0,1,0,0,0,0,0,0,0,0,0,0,0,0,1,1,1,2,2,2,1,1,1,2,1,1,2,1,1,1,40
301,1,0,0,0,0,0,0,0,1,0,0,0,0,0,0,1,1,2,2,1,2,2,2,2,2,1,2,2,2,1,1,39
302,1,0,0,0,0,0,0,0,1,0,0,0,0,0,0,2,2,2,2,2,2,2,2,2,2,2,2,2,2,2,2,40
303,1,0,0,0,0,0,0,0,1,0,0,0,0,0,0,1,1,1,1,1,1,1,1,1,1,1,2,2,1,1,1,38
304,1,0,1,0,0,1,0,0,0,0,0,0,0,0,0,2,2,2,2,1,2,2,2,2,2,1,2,2,1,2,2,48
305,1,0,0,0,0,0,0,0,1,0,0,1,1,0,0,2,1,1,2,1,2,1,2,1,1,1,2,2,1,2,1,59
306,1,0,1,0,0,0,0,0,0,0,0,0,0,0,0,2,2,1,2,2,2,1,1,2,2,1,2,2,2,2,1,58
307,1,0,0,1,0,0,0,0,0,0,0,0,0,0,0,2,1,2,2,1,2,2,2,1,1,1,2,2,2,2,2,42
308,1,0,0,0,0,0,0,0,0,0,0,0,0,0,1,1,1,1,1,1,1,1,1,1,1,1,1,1,1,1,1,48
309,1,0,0,0,0,0,0,0,1,0,0,0,0,0,0,2,2,2,2,1,2,1,1,1,1,1,1,1,1,2,2,45
310,1,0,0,0,0,0,0,0,1,0,0,0,0,0,0,2,1,1,2,2,2,2,2,2,2,1,2,2,2,2,1,37
311,1,0,0,0,0,0,0,0,1,0,0,0,0,0,0,1,1,2,2,1,2,1,1,1,1,1,2,2,1,1,2,55
312,1,0,0,0,0,0,0,0,1,0,0,0,1,0,0,1,1,1,1,2,2,1,1,2,2,1,2,2,1,1,2,57
313,1,0,0,0,0,0,0,0,0,0,0,1,0,0,0,2,1,1,2,1,2,2,2,1,2,2,2,2,2,2,1,49
314,1,0,0,0,0,0,0,0,1,0,0,0,0,0,0,2,2,1,2,1,2,1,1,1,2,1,1,1,1,1,1,54
315,1,0,0,0,0,0,0,1,1,0,0,0,0,0,1,2,1,1,2,1,1,1,1,1,1,1,1,2,1,1,1,46
316,1,0,0,0,0,0,0,0,0,0,0,0,0,1,0,2,1,1,2,1,2,1,1,2,1,1,2,2,1,1,2,47
317,1,0,0,0,0,0,0,0,1,0,0,0,0,0,0,2,2,1,2,1,2,2,2,1,1,1,2,2,2,2,1,56
318,1,0,0,0,0,1,0,0,0,0,0,0,0,0,0,1,1,1,2,1,2,2,2,2,1,2,2,2,2,2,2,30
319,1,0,0,0,0,0,0,0,1,0,0,0,0,0,0,2,1,2,2,1,2,1,1,1,2,1,2,2,2,2,2,53
320,1,0,0,0,0,0,0,0,1,0,0,0,0,0,0,2,2,2,2,2,2,2,2,2,2,1,2,2,2,2,1,34
321,1,0,0,1,0,0,0,0,0,0,0,0,0,0,0,2,1,1,2,1,2,1,1,1,1,1,2,2,1,1,1,56
322,1,0,0,0,0,0,0,0,1,0,0,0,0,0,0,2,2,1,2,1,2,1,1,1,1,1,2,2,2,2,1,48
323,1,0,0,0,0,0,0,0,1,0,0,0,0,0,0,2,1,2,1,1,1,1,1,1,1,1,1,2,2,2,1,52
324,1,0,0,0,0,0,0,0,0,0,1,0,0,0,0,2,2,1,2,2,2,2,1,1,2,1,2,2,1,1,2,59
325,1,0,0,1,0,1,0,0,1,0,0,0,0,0,0,2,1,1,2,2,2,2,2,2,1,1,2,2,1,1,1,52
326,1,0,0,1,0,0,0,0,0,0,0,0,0,0,0,1,1,1,2,2,2,1,1,1,2,1,2,2,2,2,2,37
327,1,0,0,0,0,0,0,0,1,0,0,0,0,0,0,2,1,2,2,1,2,1,1,1,1,1,2,2,2,2,2,32
328,1,0,0,0,0,0,0,0,1,1,0,0,1,0,0,2,1,1,1,1,1,1,1,1,1,1,2,2,1,1,1,53
329,1,0,0,0,0,0,0,0,1,0,0,1,0,0,0,1,1,1,2,1,2,1,1,1,1,1,2,2,1,1,2,47
330,1,0,0,0,0,0,0,0,1,0,0,0,1,0,0,1,1,1,1,1,1,1,1,1,1,1,1,1,1,1,1,39
331,1,0,0,0,0,0,0,0,0,0,0,0,0,1,0,1,1,1,1,1,1,1,1,1,1,1,2,2,1,1,2,39
332,1,0,0,0,0,1,0,0,0,0,0,0,0,0,0,2,2,1,2,1,2,1,1,1,1,1,2,2,2,2,1,51
333,1,0,0,0,0,0,0,0,1,0,0,0,0,0,0,2,2,2,2,1,2,2,2,2,2,2,2,2,2,2,2,55
334,1,0,0,1,0,0,0,0,0,0,0,0,0,0,0,2,2,2,2,1,2,1,1,2,1,1,2,2,2,2,1,33
335,1,0,0,1,0,0,0,0,0,0,0,0,0,0,0,2,2,2,2,1,2,2,2,1,1,1,2,2,2,2,2,52
336,1,0,1,0,0,0,0,0,0,0,0,0,0,0,0,2,2,2,2,1,2,2,2,2,1,1,1,2,1,1,1,39
337,1,0,0,0,0,0,0,0,1,0,0,0,0,0,0,2,2,2,1,1,2,2,2,2,2,2,2,2,2,2,1,57
338,1,0,0,0,0,0,0,0,1,0,0,1,1,0,0,2,2,2,2,1,2,2,2,2,1,1,2,2,2,2,1,39
339,1,0,0,0,0,0,0,0,1,0,0,0,0,0,0,1,2,2,2,1,2,2,2,2,2,1,2,2,2,2,1,56
340,1,0,0,1,1,0,0,0,0,0,0,0,0,0,1,2,1,1,2,1,2,1,1,2,1,1,2,2,2,1,2,40
341,1,0,0,0,0,0,0,0,1,0,0,0,0,0,0,1,1,1,2,1,2,1,1,1,1,1,2,2,1,1,2,52
342,1,0,0,0,0,0,0,1,1,0,0,0,0,0,0,1,1,1,1,1,1,1,1,1,1,1,2,2,1,1,1,56
343,1,0,0,1,0,1,0,0,0,0,0,0,0,0,0,2,1,1,2,1,2,1,1,1,1,1,2,2,1,2,1,56
344,1,0,0,0,0,1,0,0,1,0,0,0,0,0,0,2,1,1,2,1,2,1,1,1,1,1,2,2,1,1,2,57
345,1,0,0,0,0,0,0,0,1,0,0,0,0,0,0,1,1,1,1,1,1,1,1,1,1,1,1,1,1,1,1,47
346,1,0,0,0,0,0,0,0,1,0,0,0,0,0,0,1,1,1,2,1,2,1,1,1,1,2,2,2,2,1,2,46
347,1,0,0,0,0,0,0,0,1,0,0,0,0,0,0,2,2,2,2,2,2,2,2,2,2,2,2,2,2,2,2,34
348,1,0,0,1,0,1,0,0,0,0,0,0,0,0,0,2,2,1,2,1,2,2,2,2,1,1,2,2,2,2,1,52
349,1,0,0,0,0,0,0,0,1,0,0,0,0,0,0,2,1,2,2,2,2,2,2,1,2,2,2,2,1,1,1,57
350,1,0,0,0,0,0,0,0,0,0,0,0,0,0,1,2,1,1,2,1,2,1,1,2,1,1,2,2,1,1,2,31
351,1,0,0,0,0,0,0,0,1,0,0,0,0,0,0,1,2,2,2,1,2,2,1,2,1,1,2,2,2,1,2,44
352,1,0,0,0,0,0,0,0,1,0,0,0,0,0,0,1,1,1,2,2,2,1,1,1,1,1,2,2,2,2,2,42
353,1,0,0,0,0,0,0,0,1,0,0,0,0,0,0,1,1,1,2,1,2,1,1,1,1,1,2,2,1,1,1,46
354,1,0,0,1,0,0,0,0,0,0,0,0,0,0,0,1,1,1,1,1,1,1,1,1,1,1,1,1,1,1,1,39
355,1,0,0,0,0,0,0,0,1,0,0,0,0,0,0,1,1,1,2,1,2,1,1,1,1,1,1,1,2,2,2,31
356,1,0,0,0,0,0,0,0,1,0,0,0,0,0,0,2,1,1,2,1,1,1,1,1,1,1,2,2,1,1,2,45
357,1,0,0,0,0,0,0,0,1,0,0,0,0,0,0,1,1,2,2,1,2,1,1,2,1,1,2,2,2,2,1,38
358,1,0,0,1,0,0,0,0,1,0,0,0,0,0,0,2,2,2,2,2,2,1,1,2,1,1,1,1,1,2,1,56
359,1,0,0,0,0,0,0,0,1,0,0,0,0,0,0,1,1,1,2,1,2,1,1,1,1,1,2,2,1,1,2,57
360,1,0,0,0,0,0,0,0,1,0,0,0,0,0,0,2,2,2,2,1,2,2,1,1,1,1,1,1,2,2,2,30
361,1,0,0,0,0,0,0,0,1,0,0,1,0,1,0,1,2,2,2,1,2,1,1,1,1,1,2,2,1,1,2,42
362,1,0,0,0,0,1,0,0,0,0,0,0,0,0,0,1,2,2,2,1,2,1,1,1,1,1,1,1,1,1,2,49
363,1,0,0,0,0,0,0,0,1,0,0,0,0,0,0,1,1,1,2,1,1,1,2,1,2,2,1,1,1,1,2,48
364,1,0,0,0,0,0,0,0,1,0,0,0,0,0,0,2,2,1,2,1,2,1,1,2,1,1,2,2,2,2,2,44
365,1,0,0,0,0,0,0,0,1,0,0,0,0,0,0,1,1,1,2,2,2,2,2,2,2,1,2,2,2,2,2,48
366,1,0,0,1,0,1,0,0,1,0,0,0,0,0,0,2,2,2,2,1,1,1,1,1,1,1,2,2,2,2,1,45
367,1,0,0,0,0,0,0,0,1,0,0,1,1,0,0,1,1,1,1,1,1,1,1,1,1,1,1,1,1,1,2,53
368,1,0,0,0,0,0,0,0,1,0,0,0,0,0,0,1,1,1,2,1,2,2,2,2,1,1,2,2,1,2,1,53
369,1,0,0,0,0,0,0,0,1,0,0,0,0,0,0,2,2,2,2,2,2,2,2,2,2,2,2,2,1,1,1,32
370,1,0,0,1,0,0,0,0,0,0,0,0,0,0,0,2,2,2,2,1,2,2,2,2,2,1,2,2,2,2,2,53
371,1,0,0,0,0,0,0,0,1,0,0,0,0,0,0,2,1,1,2,1,2,1,2,2,2,2,2,2,2,2,2,55
372,1,0,0,0,0,0,0,0,1,0,0,0,0,0,0,2,2,1,2,1,2,1,2,1,1,1,2,2,2,1,2,42
373,1,0,0,1,0,0,0,0,0,0,0,0,0,0,0,2,1,1,2,2,2,2,2,2,2,1,2,2,1,1,1,53
374,1,0,0,0,0,0,0,0,1,0,0,0,0,0,0,2,2,1,2,1,2,1,1,1,2,2,2,2,2,2,1,43
375,1,0,0,0,0,1,0,1,1,1,0,1,1,0,0,2,1,2,2,1,2,1,1,1,1,1,2,2,1,1,1,57
376,1,0,0,0,0,0,0,0,1,0,0,1,0,0,0,1,1,2,2,1,2,1,1,1,1,1,2,2,1,1,1,42
377,1,0,0,0,0,0,0,0,1,0,0,0,0,0,0,1,1,1,2,2,2,1,2,2,2,2,2,2,2,2,1,47
378,1,0,0,0,0,1,0,0,0,0,0,0,0,0,0,2,2,2,2,1,2,2,2,1,2,1,2,2,2,2,1,49
379,1,0,0,0,0,0,0,0,1,0,0,1,0,0,0,1,1,1,2,1,2,1,1,1,1,1,2,2,2,2,2,32
380,1,0,0,0,0,0,0,0,1,0,0,0,0,0,0,1,2,2,2,1,2,1,1,1,1,1,2,2,1,1,2,59
381,1,0,0,0,0,1,0,0,0,0,0,0,0,0,0,1,1,1,2,1,2,1,1,1,1,2,2,2,1,1,2,41
382,1,0,0,0,0,0,0,0,1,0,0,0,0,0,0,1,1,1,1,1,1,1,1,1,1,1,1,1,1,1,2,38
383,1,0,0,0,0,0,0,0,1,0,0,0,0,0,0,1,1,1,2,1,2,1,1,1,1,2,2,2,2,2,2,46
384,1,0,0,0,0,0,0,0,1,0,0,0,0,0,0,1,1,2,1,1,2,1,1,1,1,1,2,1,1,1,2,57
385,1,0,0,0,0,0,0,0,0,1,0,0,0,0,0,1,1,1,2,1,1,1,1,1,1,1,2,2,1,1,1,47
386,1,0,0,1,0,0,0,0,0,0,0,0,0,0,0,2,2,2,2,2,2,2,2,2,2,1,2,2,2,2,2,44
387,1,0,0,0,0,0,0,0,0,0,0,0,0,1,0,1,1,1,2,1,1,1,1,1,1,1,2,2,1,1,1,50
388,1,0,0,0,0,0,0,0,1,0,0,0,0,0,0,1,2,1,2,1,2,1,1,1,1,1,1,1,1,1,2,43
389,1,0,0,1,0,0,0,0,0,0,0,0,0,0,0,2,2,1,1,1,2,2,1,2,1,2,2,2,2,2,1,51
390,1,0,0,0,0,0,0,0,1,0,0,0,0,0,0,2,2,1,2,1,2,2,2,1,2,1,2,2,2,2,2,44
391,1,0,0,0,0,1,0,0,0,0,0,0,0,0,0,1,1,2,2,1,1,1,1,1,1,1,1,2,1,1,2,40
392,1,0,0,0,0,0,0,0,1,0,0,0,0,0,0,1,1,1,2,2,1,1,1,1,1,1,1,1,1,1,1,36
393,1,1,0,0,0,0,0,0,0,0,0,0,0,0,0,2,2,2,2,2,2,2,2,2,2,1,2,2,1,1,2,34
394,1,0,0,1,0,1,0,0,1,0,0,0,0,0,0,1,1,1,1,1,1,1,1,1,1,1,1,2,1,1,1,39
395,1,0,0,0,0,0,0,0,1,0,0,1,0,0,0,2,2,1,2,1,2,2,2,2,1,1,2,2,1,1,1,41
396,1,0,0,0,0,0,0,0,1,0,0,0,0,0,0,2,1,1,2,1,2,1,1,1,2,1,2,2,2,2,1,56
397,1,0,0,0,0,0,0,0,1,0,0,0,0,0,0,2,1,1,2,1,2,1,1,1,1,1,2,2,1,1,2,53
398,1,0,0,0,0,0,0,0,1,0,0,0,0,0,0,2,2,2,2,1,2,1,1,1,1,2,2,2,1,1,1,54
399,1,0,0,1,0,0,0,0,0,0,0,0,0,0,0,1,1,1,1,1,1,1,1,1,1,2,2,2,1,1,2,36
400,1,0,0,1,0,0,0,0,1,0,0,1,0,0,0,2,1,1,2,2,2,1,1,1,2,1,2,2,2,1,2,50
401,1,0,0,1,0,0,0,0,0,0,0,0,0,0,0,2,2,2,2,1,2,2,2,2,1,1,2,2,1,1,2,39
402,1,0,0,0,0,1,0,0,0,0,0,0,0,0,0,2,1,2,2,2,2,1,1,2,2,2,2,2,1,1,1,58
403,1,0,0,1,0,0,0,0,0,0,0,0,0,0,0,1,1,1,2,1,2,1,1,1,1,1,2,2,1,1,2,52
404,1,0,0,0,0,1,0,0,0,0,0,0,0,0,0,1,1,1,2,2,2,1,1,1,2,2,2,2,2,2,1,50
405,1,0,0,0,0,0,0,0,1,0,0,0,0,0,0,1,1,1,1,1,1,1,1,1,1,1,1,1,1,1,1,28
406,1,0,0,0,0,0,0,0,1,0,0,1,1,0,0,1,1,1,2,1,2,1,1,1,1,1,2,1,1,1,1,29
407,1,0,0,0,0,0,0,0,1,0,0,0,0,0,0,2,1,2,2,1,2,1,1,1,2,1,2,2,1,1,1,51
408,1,0,0,0,0,1,0,1,0,0,0,0,0,0,0,1,1,1,2,1,2,1,1,1,1,2,2,2,1,1,2,41
409,1,0,0,0,0,0,0,0,1,0,0,0,0,0,0,2,1,1,2,2,2,1,1,1,1,1,2,2,1,1,2,43
410,1,0,0,0,0,0,0,0,0,0,0,0,1,0,0,2,1,1,2,1,2,1,1,1,1,1,2,2,1,1,1,57
411,1,0,0,1,0,0,0,0,0,0,0,0,0,0,0,2,1,1,2,1,2,1,1,1,1,1,2,2,1,1,1,55
412,1,0,0,1,0,1,0,0,0,0,0,0,0,0,0,2,2,1,2,2,2,2,2,2,2,1,2,2,2,2,1,44
413,1,0,0,0,0,0,0,0,1,0,0,0,1,0,0,1,1,1,1,1,1,1,1,1,1,1,1,1,1,1,2,46
414,1,0,0,0,0,1,0,0,0,0,0,0,0,0,0,2,1,1,2,1,2,1,1,1,1,1,2,2,1,1,1,55
415,1,0,0,0,0,0,0,0,1,0,0,0,0,0,0,1,1,1,2,1,2,1,1,2,1,1,2,1,1,1,2,37
416,1,0,0,1,0,0,0,0,1,0,0,0,0,0,0,2,1,1,1,1,1,1,1,1,1,1,1,2,1,1,1,34
417,1,0,0,0,0,0,0,0,1,0,0,0,0,0,0,1,1,1,2,1,1,1,1,1,1,1,2,2,1,1,2,43
418,1,0,0,0,0,0,0,0,0,0,0,1,0,0,0,1,1,1,1,1,2,1,1,1,1,1,2,2,1,1,2,53
419,1,0,0,0,0,0,0,0,1,0,0,0,0,0,0,2,1,1,2,1,2,1,1,1,1,1,2,2,1,1,2,55
420,1,0,0,1,0,1,0,0,0,0,0,0,0,0,0,2,1,1,2,1,2,1,1,2,2,1,2,2,1,2,1,52
421,1,0,0,0,0,1,0,0,0,0,0,0,0,0,0,2,1,2,2,1,2,2,2,2,2,2,2,2,2,2,1,53
422,1,0,0,0,0,0,0,0,1,0,0,1,0,0,0,2,2,2,2,2,2,2,2,2,2,1,2,2,2,2,1,45
423,1,0,0,0,0,0,0,0,1,0,0,0,0,0,0,2,1,1,2,2,2,2,2,2,2,2,2,2,2,2,1,50
424,1,0,0,0,0,0,0,0,1,0,0,0,0,0,0,1,2,2,2,2,2,2,2,2,1,2,2,2,1,1,2,44
425,1,0,0,1,0,0,0,0,0,0,0,0,0,0,0,1,1,1,1,1,1,1,1,1,1,1,1,1,1,1,2,51
426,1,0,0,0,0,0,0,0,1,0,0,0,1,0,0,1,1,1,1,1,1,1,1,1,1,1,2,2,1,1,2,48
427,1,0,0,0,0,0,0,0,0,0,0,0,1,0,0,1,1,1,2,1,2,1,1,1,1,1,2,2,1,1,1,44
428,1,0,0,0,0,0,0,0,1,0,0,1,0,0,0,2,1,1,2,2,2,2,2,2,2,1,2,2,2,2,1,49
429,1,0,0,0,0,0,0,0,1,0,0,0,0,0,0,1,2,1,1,1,2,1,1,1,1,1,1,1,1,2,2,58
430,1,0,0,0,0,0,0,0,1,0,0,1,0,0,0,1,2,1,2,1,2,2,2,1,1,1,2,2,1,2,2,38
431,1,0,0,0,0,0,0,0,1,0,0,0,1,0,0,1,1,1,2,1,2,2,2,2,2,1,2,2,1,1,1,58
432,1,0,0,0,0,0,0,0,1,0,0,0,0,0,0,2,2,2,2,2,2,2,2,2,2,2,2,2,2,2,2,59
433,1,0,0,0,0,0,0,0,1,0,0,0,0,0,0,2,2,1,2,1,1,1,1,1,1,1,2,2,1,1,2,40
434,1,1,1,0,1,1,1,1,1,1,0,1,1,0,0,1,1,1,2,2,1,1,2,2,1,2,2,1,1,2,1,27
435,1,0,0,0,0,0,0,0,0,0,0,0,1,0,0,1,1,1,2,1,2,1,1,1,1,1,2,2,1,1,1,47
436,1,0,1,0,0,0,0,0,0,0,0,0,0,0,0,2,2,2,2,2,2,2,2,2,2,1,2,2,2,2,1,35
437,1,0,0,0,0,0,0,0,1,0,0,0,0,0,0,1,2,1,2,1,2,1,1,1,1,2,2,2,1,1,2,59
438,1,0,1,0,1,0,0,0,0,0,0,0,0,0,0,1,1,1,2,1,2,1,1,1,1,1,2,2,1,1,2,39
439,1,0,0,1,0,0,0,0,0,0,0,0,0,0,0,1,1,1,2,1,2,1,1,2,2,1,2,2,1,1,2,38
440,1,0,0,0,0,0,0,0,1,0,0,0,0,0,0,2,2,2,2,2,2,2,2,2,2,2,2,2,2,2,2,56
441,1,0,1,0,0,0,0,0,0,0,0,0,0,0,0,1,1,1,1,1,1,1,1,1,1,1,1,1,1,1,2,54
442,1,0,0,0,0,0,0,0,1,0,0,0,0,0,0,2,2,1,2,1,2,1,2,1,1,1,2,1,2,1,2,43
443,1,0,0,0,0,1,0,0,1,0,0,0,0,0,0,1,1,1,1,1,1,1,1,2,1,1,1,1,1,1,1,44
444,1,0,0,0,0,0,0,0,1,0,0,0,0,0,0,2,2,2,1,1,1,1,1,1,1,1,1,1,2,2,2,43
445,1,0,0,1,0,0,0,0,0,0,0,0,0,0,0,2,2,1,2,1,2,2,2,2,1,1,2,2,1,1,2,44
446,1,0,0,0,0,0,0,0,0,0,0,0,0,1,0,1,1,1,2,2,2,1,2,1,1,1,2,2,2,2,2,40
447,1,0,0,0,0,0,0,0,1,0,0,0,0,0,0,2,2,1,2,1,1,1,1,1,1,1,2,2,1,1,1,43
448,1,0,0,0,0,0,0,0,1,0,0,1,1,0,0,1,1,1,2,1,2,1,2,1,1,1,2,2,1,1,2,33
449,1,0,0,0,0,0,0,0,1,0,0,0,1,0,0,2,2,2,2,1,2,1,1,1,1,1,2,2,2,2,2,51
450,1,0,0,0,0,0,0,0,1,0,0,0,0,0,0,2,1,2,2,1,2,1,1,1,2,1,2,2,2,2,2,52
451,1,0,0,0,0,1,0,0,0,0,0,0,0,0,0,2,1,1,2,1,2,1,1,1,1,1,2,2,1,1,1,43
452,1,0,0,0,0,0,0,0,1,0,0,0,0,0,0,2,2,2,2,2,2,2,2,2,2,2,2,2,2,2,1,22
453,1,0,0,0,0,0,0,0,1,0,0,0,0,0,0,2,2,2,2,1,2,2,2,2,2,2,2,2,2,2,1,47
454,1,0,0,0,0,0,0,1,1,0,0,0,0,0,0,1,1,1,1,1,1,1,1,1,1,1,2,2,1,1,1,32
455,1,0,0,1,0,1,0,0,0,1,0,0,1,0,0,2,2,1,2,1,2,1,1,1,1,1,2,2,1,1,2,57
456,1,1,0,1,0,1,0,0,0,0,0,0,0,0,0,1,1,1,1,1,1,1,1,2,2,1,1,1,1,2,2,32
457,1,0,0,0,0,0,0,0,1,0,0,0,0,0,0,2,2,2,2,2,2,2,2,2,2,2,2,2,2,2,2,46
458,1,1,0,0,0,0,0,0,0,0,0,0,0,0,0,1,1,1,1,1,1,1,1,1,1,1,1,1,1,2,1,26
459,1,0,0,0,0,0,0,0,0,1,1,1,0,0,0,2,1,2,2,2,2,2,2,2,2,2,2,2,2,2,1,25
460,1,0,0,0,0,0,0,0,0,0,0,1,0,0,0,1,1,1,1,1,1,1,1,1,1,1,1,1,1,1,1,34
461,1,0,1,0,0,0,0,0,0,0,0,0,0,0,0,2,1,1,2,1,2,1,1,2,1,1,2,2,2,2,2,36
462,1,0,0,0,0,0,0,0,1,0,0,0,0,0,0,1,1,1,1,1,2,1,1,1,1,1,1,1,1,1,1,37
463,1,0,0,0,0,0,0,0,0,0,0,0,0,0,1,2,1,1,2,1,2,1,1,1,2,1,2,2,1,2,2,53
464,1,0,0,0,0,0,0,0,1,0,0,0,0,0,0,1,1,1,2,1,2,2,2,2,1,2,2,2,2,1,2,52
465,1,0,0,0,0,0,0,0,1,0,0,0,0,0,0,1,1,2,2,1,1,2,2,2,2,2,2,2,2,2,2,38
466,1,0,0,0,0,0,0,0,1,0,0,0,0,0,0,1,1,1,2,1,1,1,1,1,1,1,2,2,1,1,2,39
467,1,1,0,0,0,0,0,0,0,0,0,0,0,0,0,2,2,2,2,1,2,1,1,1,1,1,1,1,1,1,2,41
468,1,0,0,0,0,0,0,0,1,0,1,1,1,0,0,2,2,2,2,2,2,1,1,1,1,1,2,2,2,2,2,42
469,1,0,0,1,0,0,0,0,0,0,0,0,0,0,0,1,1,2,2,1,2,2,1,1,2,1,2,2,1,1,2,51
470,1,0,0,0,0,0,0,0,1,0,0,0,0,0,0,1,1,1,2,1,1,1,1,2,1,1,1,1,1,1,2,29
471,1,0,0,0,0,0,0,0,1,0,0,0,0,0,0,1,1,1,2,1,2,1,1,1,2,1,1,1,1,1,1,52
472,1,1,0,0,0,0,0,0,0,0,0,0,0,0,0,1,1,1,1,1,1,1,1,1,1,1,1,1,1,1,1,28
473,1,0,0,0,0,1,0,0,1,0,0,0,0,0,0,1,1,1,2,1,2,1,1,1,1,1,2,2,1,1,2,38
474,1,0,0,0,0,0,0,0,1,0,0,0,0,0,0,2,2,2,2,1,1,1,1,1,1,1,2,2,1,1,1,27
475,1,0,0,1,0,1,0,0,0,0,0,0,0,0,0,1,2,1,2,1,2,1,1,1,1,1,2,2,1,2,2,45
476,1,0,0,0,0,0,0,0,1,0,0,0,0,0,0,2,1,1,2,2,2,2,2,1,2,2,2,2,1,1,1,59
477,1,0,0,0,0,0,0,0,1,0,0,0,0,0,0,2,2,2,1,1,2,1,1,1,1,1,2,2,2,2,2,40
478,1,0,0,0,0,0,0,0,1,0,0,1,0,1,0,2,1,2,2,1,2,2,2,2,2,2,2,2,2,2,1,37
479,1,0,0,1,0,0,1,0,1,0,0,0,0,0,0,2,2,1,2,1,2,2,2,2,1,1,2,2,1,1,1,54
480,1,0,0,0,0,0,0,0,1,0,0,0,0,0,0,1,1,1,1,1,1,2,2,1,1,1,1,1,1,1,1,25
481,1,1,0,0,0,1,0,0,0,0,0,0,0,0,0,2,2,2,2,1,2,2,2,2,1,2,2,2,2,2,1,56
482,1,0,0,0,0,0,0,0,1,0,0,0,0,0,0,1,1,1,1,1,1,1,1,1,1,1,1,1,1,1,2,57
483,1,1,0,0,0,0,0,0,0,0,0,0,0,0,0,1,1,1,1,1,1,1,1,1,2,2,2,2,2,2,2,43
484,1,0,0,1,0,0,0,0,0,0,0,0,0,0,0,2,1,1,1,2,1,1,1,1,1,1,2,2,1,1,2,46
485,1,0,0,0,0,0,0,0,1,0,0,0,0,0,0,2,2,2,2,2,2,2,2,2,2,2,2,2,2,2,1,46
486,1,0,0,0,0,0,0,0,1,0,0,0,0,0,0,2,1,1,2,2,2,2,2,1,1,1,2,2,1,1,2,36
487,1,0,0,0,0,0,1,0,0,0,0,0,0,0,0,1,2,2,2,1,2,2,2,2,2,1,2,2,2,2,2,33
488,1,0,0,0,0,0,0,0,1,0,0,0,0,0,0,2,2,2,2,1,2,2,2,2,2,2,2,2,2,2,1,53
489,1,0,0,0,0,0,0,0,1,0,0,0,0,0,0,2,1,2,2,1,2,2,2,2,1,1,2,2,2,2,2,29
490,1,0,0,1,0,0,0,0,0,0,0,0,0,0,0,1,1,1,1,1,1,1,1,1,1,1,2,2,2,2,2,34
491,1,0,0,0,0,0,0,0,1,0,0,0,0,0,0,2,1,2,2,1,2,2,2,2,1,1,1,2,1,1,1,54
492,1,0,0,0,0,0,0,0,1,0,0,0,0,0,0,2,1,1,2,1,2,1,1,2,1,1,2,2,1,1,1,43
493,1,0,0,1,0,0,0,0,1,0,0,0,0,0,0,1,2,1,2,2,2,2,2,1,1,1,2,2,2,2,2,57
494,1,0,0,0,0,1,0,0,0,0,0,0,0,0,0,2,2,1,2,1,2,2,2,2,2,2,2,2,2,2,1,28
495,1,1,0,0,0,1,0,0,1,1,0,1,0,0,0,1,1,1,2,1,2,1,1,1,2,1,2,2,1,1,1,51
496,1,0,0,1,0,1,0,0,1,0,0,1,0,0,0,1,1,1,1,1,1,1,1,1,1,1,2,2,1,1,1,39
497,1,1,0,0,0,0,0,0,0,0,0,0,0,0,0,2,2,2,2,2,2,2,2,2,2,2,2,2,2,2,1,47
498,1,0,0,0,0,0,0,0,1,0,0,1,1,0,0,2,2,1,2,1,2,1,1,1,1,2,2,2,1,1,1,49
499,1,0,0,0,0,0,0,0,0,0,0,0,0,1,0,2,2,2,2,2,2,2,2,2,2,2,2,2,2,1,2,33
500,1,0,0,1,0,0,0,0,0,0,0,0,0,0,0,2,1,1,2,1,2,2,2,2,2,1,2,2,2,2,1,37
501,1,0,1,0,0,0,0,0,0,0,0,0,0,0,0,2,2,1,2,2,2,2,2,2,2,1,2,2,2,2,2,45
502,1,1,0,0,0,0,0,0,0,0,0,0,0,0,0,2,2,2,2,2,2,1,1,1,1,1,1,1,1,1,2,37
503,1,0,0,0,0,0,0,0,1,0,0,1,0,0,0,1,2,1,2,1,2,1,1,1,1,1,2,2,1,1,1,48
504,1,0,0,1,0,0,0,0,1,0,0,0,0,0,0,2,1,1,2,1,2,1,1,1,1,1,2,2,1,1,2,57
505,1,0,0,1,0,1,0,0,0,0,0,0,0,0,0,1,1,1,2,1,1,1,1,1,1,1,1,2,1,1,1,26
506,1,0,0,0,0,0,0,0,1,0,0,0,0,0,0,1,1,1,1,1,1,1,1,1,1,1,1,1,1,1,2,34
507,1,0,0,1,0,0,0,0,0,0,0,0,0,0,0,1,1,2,2,1,2,1,1,1,1,1,2,2,1,1,1,44
508,1,0,0,0,0,0,0,0,1,0,0,0,0,0,0,1,1,1,1,1,1,1,1,1,1,1,1,1,1,1,2,54
509,1,0,0,0,0,0,0,0,1,0,0,0,0,0,0,1,1,1,2,1,2,1,1,1,1,1,1,2,1,2,1,51
510,1,0,0,0,0,0,0,0,1,0,0,0,1,0,0,1,1,1,2,1,2,1,1,1,1,1,2,2,1,1,2,53
511,1,1,0,0,0,0,0,0,0,0,0,0,0,0,0,1,1,1,1,1,1,1,1,1,1,1,1,1,1,1,1,35
512,1,0,0,0,0,0,0,0,1,0,0,0,0,0,0,1,2,1,2,2,2,1,1,2,2,1,2,2,2,1,1,27
513,1,0,0,0,0,0,0,0,0,0,0,1,0,0,0,1,1,1,2,2,2,1,1,1,1,1,2,2,1,1,2,35
514,1,1,0,0,0,0,0,0,0,0,0,0,0,0,0,1,1,1,2,1,2,1,1,1,1,1,2,2,1,1,1,56
515,1,0,0,0,0,0,0,0,1,0,0,1,1,0,0,1,1,1,1,1,1,1,2,1,1,1,1,1,1,1,1,45
516,1,0,0,0,0,0,0,0,1,0,0,0,0,0,0,1,2,1,2,1,2,1,1,1,1,1,2,2,2,2,2,56
517,1,0,0,0,1,0,0,0,1,0,0,0,0,0,0,2,2,2,1,2,2,1,1,1,1,1,2,2,2,2,2,58
518,1,0,0,0,0,0,0,0,1,0,0,0,1,0,0,2,1,1,2,1,2,1,1,2,1,1,1,2,1,1,1,56
519,1,0,0,0,0,0,0,0,1,0,0,0,1,0,0,1,1,1,2,1,1,1,1,1,1,1,1,1,1,1,2,46
520,1,0,0,0,0,1,0,0,0,0,0,0,0,0,0,2,2,1,2,2,1,1,1,1,1,2,2,2,2,2,2,24
521,1,0,0,0,0,0,0,0,1,0,0,0,0,0,0,1,1,1,2,1,1,1,1,1,1,1,2,2,1,1,1,30
522,1,0,0,0,0,0,0,0,1,0,0,0,0,0,0,1,1,1,1,1,1,1,1,1,1,1,1,1,1,1,1,26
523,1,0,0,1,0,0,0,0,0,0,0,0,0,0,0,1,1,1,2,1,2,1,1,1,1,1,1,1,1,1,2,50
524,1,0,0,0,1,1,0,0,0,0,0,0,0,0,0,2,1,1,2,1,1,1,1,1,1,1,2,2,1,1,2,30
525,1,0,0,0,0,0,0,0,1,0,0,0,0,0,0,2,2,1,2,2,2,1,1,1,1,1,2,2,2,2,2,39
526,1,0,0,1,0,0,0,0,1,0,0,0,0,0,0,1,1,1,2,1,2,1,1,2,1,1,2,2,2,1,1,39
527,1,0,0,0,0,0,0,0,1,0,0,0,0,0,0,2,1,2,2,2,2,2,2,1,2,1,2,2,2,2,2,53
528,1,0,0,0,0,1,0,0,0,0,0,0,0,0,0,2,2,1,1,1,1,1,1,2,1,1,1,1,1,1,2,53
529,1,0,0,0,0,0,0,0,0,0,0,0,1,1,0,1,1,1,2,1,2,1,1,1,1,2,2,2,1,1,2,58
530,1,0,0,0,0,0,0,0,1,0,0,0,0,0,0,1,1,1,2,1,1,1,1,2,1,1,2,2,1,1,2,45
531,1,0,0,0,0,0,0,0,0,0,0,1,0,0,0,1,1,1,2,1,2,1,1,2,1,1,2,2,2,1,1,36
532,1,0,0,0,0,0,0,0,1,0,0,0,0,0,0,2,1,1,2,1,2,1,1,2,2,1,2,2,2,2,2,46
533,1,0,0,0,0,0,0,0,1,0,0,0,0,0,0,2,2,2,2,2,2,2,2,2,2,2,2,2,2,2,1,38
534,1,0,0,0,0,0,0,0,1,0,0,0,0,0,0,2,1,1,1,1,1,1,2,2,1,1,2,1,2,2,1,27
535,1,0,0,0,0,0,0,0,1,0,0,0,0,0,0,2,2,2,2,1,2,1,1,1,1,1,2,2,2,2,1,33
536,1,0,0,0,0,1,0,0,0,0,0,0,0,0,0,1,2,1,2,2,2,2,2,2,1,1,2,1,1,1,1,49
537,1,1,0,0,0,0,0,0,0,0,0,0,0,0,0,2,2,2,2,1,2,2,2,1,2,1,2,2,1,1,1,47
538,1,0,0,0,0,0,0,0,1,0,0,0,0,0,0,1,1,1,2,2,1,1,1,1,1,1,1,1,2,2,2,37
539,1,0,0,0,0,0,0,0,1,0,0,1,1,0,0,1,1,1,1,1,1,1,1,1,1,1,2,2,1,1,1,38
540,1,0,0,1,0,0,0,0,0,0,0,0,0,0,0,1,1,1,2,1,2,1,1,1,2,1,2,2,2,2,1,53
541,1,0,1,0,0,0,0,0,0,0,0,0,0,0,0,2,2,1,2,1,2,1,1,1,1,1,2,2,1,1,2,34
542,1,0,1,0,0,1,0,0,1,0,0,0,0,0,0,1,1,1,1,1,1,1,1,1,1,1,1,1,1,1,1,53
543,1,1,0,0,0,0,0,0,0,0,0,0,0,0,0,1,2,1,1,1,2,1,1,1,2,1,1,1,1,1,1,37
544,1,0,0,1,0,0,0,0,0,0,0,0,0,0,0,2,1,1,2,1,2,2,2,2,2,1,2,2,1,1,1,39
545,1,0,0,0,0,0,0,0,1,0,1,0,1,0,0,1,1,1,2,1,2,2,2,1,1,1,2,2,1,1,2,35
546,1,0,0,0,0,0,0,0,1,0,0,0,0,0,0,2,2,1,2,1,2,1,1,1,1,1,2,2,1,1,1,52
547,1,0,0,1,0,0,0,0,0,0,0,0,0,0,0,1,1,1,2,1,2,2,2,2,2,1,2,2,1,1,1,46
548,1,0,0,0,0,0,0,0,1,0,0,0,0,0,0,1,1,1,1,1,1,1,1,1,1,1,1,1,1,1,1,29
549,1,0,0,0,0,1,0,0,1,0,0,0,1,0,1,1,1,1,1,2,1,1,1,1,2,1,2,2,1,1,1,57
550,1,0,0,0,0,0,0,0,1,0,0,0,0,0,0,1,2,1,2,1,2,1,2,1,2,2,2,2,1,1,2,54
551,1,0,0,0,0,0,0,0,1,0,0,0,0,0,0,2,2,2,2,2,2,2,2,2,2,2,2,2,2,2,1,46
552,1,0,0,1,0,0,0,0,0,0,0,0,0,0,0,2,2,2,2,1,2,2,2,2,2,1,1,1,2,2,1,34
553,1,1,0,0,0,0,0,0,0,0,0,0,0,0,0,1,1,1,1,1,2,1,1,1,1,1,1,2,1,1,1,56
554,1,0,0,0,0,1,0,0,0,0,0,0,0,0,0,2,2,2,2,2,2,2,2,2,2,2,2,2,2,2,1,31
555,1,0,0,0,0,0,0,0,1,0,0,0,0,0,0,2,2,2,2,1,1,1,1,1,1,1,2,2,2,1,1,31
556,1,0,0,1,0,1,0,0,0,0,0,0,0,0,0,1,1,1,1,1,2,1,1,1,1,1,2,2,1,1,1,55
557,1,0,0,0,0,0,0,0,1,0,0,0,0,0,0,2,2,2,2,1,2,2,1,1,2,1,1,1,2,2,2,31
558,1,0,0,0,0,1,0,0,0,0,0,0,0,0,0,2,1,1,2,2,2,2,2,2,2,2,2,2,2,2,1,46
559,1,0,0,0,0,0,0,0,1,0,0,0,0,0,0,2,1,1,2,1,2,1,1,2,1,1,2,2,1,1,2,37
560,1,0,0,0,0,0,0,0,1,0,0,0,0,0,0,1,1,1,2,1,2,1,1,1,1,1,2,2,1,2,1,52
561,1,0,0,0,0,1,0,0,0,0,0,1,0,0,0,1,1,2,2,1,2,2,1,1,1,1,1,2,1,2,1,36
562,1,0,0,0,0,0,0,0,1,0,0,0,0,0,0,1,1,2,2,1,2,2,2,2,1,1,2,2,1,1,2,42
563,1,1,0,0,0,0,0,0,0,0,0,0,0,0,0,2,2,2,2,1,1,1,1,1,1,1,1,1,2,2,1,47
564,1,0,0,0,0,0,0,0,1,1,0,1,1,0,0,2,2,1,2,1,2,1,1,2,1,1,2,2,1,1,2,54
565,1,0,0,0,0,0,0,0,1,0,0,0,0,0,0,1,1,1,1,1,1,1,1,1,1,1,1,1,1,1,1,45
566,1,0,1,1,0,0,0,0,0,0,0,0,0,0,0,1,1,1,1,1,1,1,1,1,1,1,1,1,1,1,1,46
567,1,0,0,0,0,0,0,0,1,0,0,0,0,0,0,2,1,2,2,2,2,1,1,2,1,1,2,2,2,2,1,25
568,1,0,0,0,0,0,0,0,1,0,0,0,0,0,0,2,2,2,2,1,2,1,1,1,2,1,2,2,2,2,2,34
569,1,0,0,0,0,0,0,0,1,0,0,0,0,0,0,2,2,2,2,2,2,2,2,2,2,2,2,2,2,2,2,53
570,1,0,0,1,0,0,0,0,1,0,0,0,0,0,0,2,1,1,2,1,2,1,2,1,2,1,2,2,1,1,1,38
571,1,1,0,0,0,0,0,0,0,0,0,0,0,0,0,1,1,1,2,2,2,2,2,1,1,1,2,2,2,2,1,41
572,1,0,0,0,0,0,0,0,1,1,0,1,1,0,0,2,2,1,2,1,2,1,2,1,2,1,2,2,2,2,1,38
573,1,0,0,0,0,0,0,0,1,0,0,0,0,0,0,2,2,2,2,1,2,2,2,1,2,1,2,2,1,1,1,27
574,1,0,0,0,0,0,0,0,1,0,0,0,0,0,0,1,1,1,1,1,1,1,1,1,1,1,1,1,1,1,2,54
575,1,0,0,0,0,0,0,1,0,0,0,0,0,0,0,2,1,2,1,2,2,1,1,2,2,1,2,1,1,1,2,50
576,1,0,0,0,0,0,1,0,1,0,0,0,0,0,0,1,1,1,1,1,2,1,1,1,1,1,2,1,1,1,2,26
577,1,0,0,1,0,0,0,0,0,0,0,0,0,0,0,1,1,2,2,1,2,1,1,1,2,1,2,2,2,2,1,39
578,1,0,0,0,0,0,0,0,0,0,0,0,0,0,1,1,1,1,2,1,2,1,1,1,1,1,2,2,1,1,2,39
579,1,1,0,0,0,0,0,0,0,0,0,0,0,0,0,1,1,1,2,2,2,2,2,2,2,2,2,2,2,1,1,26
580,1,0,0,0,0,0,0,0,1,0,0,0,0,0,0,2,2,1,2,1,2,1,1,1,1,1,2,2,2,2,1,35
581,1,0,0,0,0,1,0,0,0,0,0,0,0,0,0,1,1,1,2,1,2,1,1,1,1,1,2,2,1,1,2,30
582,1,0,0,0,0,0,0,0,1,0,0,0,0,0,0,1,1,1,1,1,1,1,1,1,1,1,2,2,1,1,1,25
583,1,0,0,0,0,0,0,0,0,0,0,0,1,0,0,1,1,1,1,1,1,1,1,1,1,1,1,1,1,1,2,53
584,1,0,0,0,0,0,0,0,0,0,0,0,0,1,0,2,2,2,2,1,2,2,1,2,2,2,2,2,2,2,1,28
585,1,0,0,1,0,1,0,0,0,0,0,0,0,0,0,1,2,1,2,1,2,1,1,1,1,1,2,2,1,1,2,35
586,1,0,0,0,0,0,0,1,0,0,0,0,0,0,0,2,2,2,2,1,2,2,2,2,2,2,2,2,1,1,2,28
587,1,1,0,0,0,0,0,0,0,0,0,0,0,0,0,1,1,2,1,2,2,1,1,1,1,1,2,2,1,1,1,53
588,1,0,1,0,0,0,0,0,1,0,0,0,0,0,0,1,1,1,2,1,1,1,1,1,1,1,2,2,1,1,2,45
589,1,0,0,0,0,1,0,0,0,0,0,0,0,0,0,1,1,2,2,1,2,1,1,1,1,1,1,1,1,1,1,54
590,1,0,0,0,0,0,0,0,1,0,0,0,0,0,0,1,1,1,1,1,2,1,1,1,1,1,2,2,1,1,1,53
591,1,0,0,0,0,0,0,0,1,0,0,1,0,0,0,2,1,1,2,1,1,1,1,1,1,1,2,2,1,1,2,45
592,1,0,0,1,0,0,0,0,0,0,0,0,0,0,0,1,1,2,2,1,2,1,1,2,1,1,2,2,1,1,2,57
593,1,0,0,0,0,0,0,0,1,0,0,0,0,0,0,2,2,2,2,1,2,2,2,2,2,2,2,2,2,2,2,39
594,1,0,0,0,0,0,0,0,1,0,0,0,0,0,0,2,2,2,2,2,2,2,2,2,2,2,2,2,2,2,1,46
595,1,0,0,1,0,0,0,0,0,0,0,0,0,0,1,1,1,1,2,1,2,1,1,1,1,1,2,2,1,1,1,57
596,1,0,0,0,0,1,1,1,0,0,0,1,0,1,0,1,1,1,1,1,1,1,1,1,1,1,1,1,1,1,2,23
597,1,0,1,1,1,1,1,1,1,1,0,1,1,1,0,1,1,1,1,1,1,1,1,1,1,1,2,2,1,1,2,32
598,1,0,0,1,0,0,0,0,0,0,0,0,0,0,0,1,1,2,2,1,2,1,1,2,1,1,2,2,1,1,2,57
599,1,0,0,0,0,0,0,0,1,0,0,0,0,0,0,2,2,2,2,2,2,2,2,2,2,2,2,2,2,2,1,46
600,1,1,0,0,0,0,0,0,0,0,0,0,0,0,0,1,2,1,1,2,1,1,2,1,1,1,1,1,1,1,1,25
601,1,0,0,0,0,0,0,0,1,0,0,1,1,0,0,1,1,1,2,1,2,1,1,1,1,1,2,2,1,1,1,56
602,1,1,0,1,0,1,0,0,1,0,0,1,0,1,0,1,2,1,1,1,2,1,1,1,1,2,2,2,1,1,1,55
603,1,0,0,0,0,0,0,0,1,0,0,0,0,0,0,2,2,2,2,2,2,2,2,2,2,2,2,2,1,1,1,55
604,1,0,0,1,0,1,0,0,1,0,0,1,0,0,0,2,1,2,2,1,2,1,1,2,2,2,2,2,2,2,1,29
605,1,0,0,0,0,0,0,0,1,0,0,0,0,0,0,2,2,1,2,1,2,2,2,2,2,1,2,2,2,2,2,54
606,1,0,0,1,0,0,0,0,0,0,0,0,0,0,0,1,1,2,2,2,2,1,2,2,2,1,2,2,2,2,1,48
607,1,0,0,0,0,0,0,0,1,0,0,0,0,0,0,2,1,2,2,1,2,2,1,2,1,2,2,2,2,2,1,28
608,1,0,0,0,0,0,0,0,1,0,0,0,0,0,0,1,1,1,2,1,2,1,1,2,1,1,2,2,2,1,2,39
609,1,0,0,0,0,0,0,0,1,0,0,0,0,0,0,1,1,1,1,1,2,1,1,1,1,1,2,2,1,1,1,35
610,1,0,0,1,0,1,0,0,0,0,0,0,0,0,0,1,2,1,1,1,2,1,1,1,1,1,2,2,2,1,1,36
611,1,0,0,0,0,0,0,0,0,0,0,1,0,0,0,2,2,2,2,2,2,2,2,2,1,1,2,2,2,2,1,52
612,1,0,0,0,0,1,0,0,1,0,0,0,0,0,0,2,2,2,2,1,2,1,1,1,2,1,2,2,1,1,1,46
613,1,0,0,0,0,1,0,0,1,0,0,1,0,0,0,1,1,1,1,1,1,1,1,1,1,1,1,1,1,1,2,42
614,1,0,0,0,0,0,0,0,0,0,0,1,0,0,0,1,1,1,1,1,2,2,2,2,2,1,2,2,1,1,1,25
615,1,0,0,0,0,0,0,0,1,0,0,0,0,0,0,1,1,1,2,1,2,1,1,1,1,1,2,2,1,1,2,49
616,1,0,0,1,0,0,0,0,1,0,0,1,0,1,0,1,1,1,1,1,1,1,1,1,1,1,2,2,1,1,2,58
617,1,0,0,0,0,0,0,0,0,0,0,1,0,0,0,2,2,2,2,2,2,2,2,2,2,2,2,2,2,2,1,39
618,1,0,0,0,0,0,0,0,0,0,0,0,1,0,0,2,2,2,2,1,2,2,2,2,2,2,2,2,2,2,2,50
619,1,0,0,0,0,0,0,0,0,0,0,0,0,0,1,2,2,2,2,1,2,2,2,1,1,1,2,2,1,1,2,52
620,1,0,0,0,0,0,0,0,1,1,0,1,1,0,0,2,2,2,2,1,2,2,1,1,1,1,2,2,2,2,1,46
621,1,0,0,1,0,0,0,0,0,0,0,0,0,0,0,1,1,2,2,2,2,2,2,2,2,1,2,2,2,2,1,47
622,1,0,0,1,0,0,0,0,0,0,0,0,0,0,0,2,1,1,2,1,2,1,1,2,2,1,2,2,1,1,2,28
623,1,0,0,0,0,0,0,0,1,0,0,0,1,0,0,1,1,1,2,1,2,2,2,2,1,1,2,2,1,1,1,35
624,1,0,0,0,0,0,0,0,1,0,0,0,0,0,0,2,2,2,2,1,2,1,1,1,1,1,2,2,1,1,1,45
625,1,0,0,0,0,0,0,0,1,0,0,0,0,0,0,2,1,1,2,1,2,1,1,2,1,1,2,2,1,1,1,38
626,1,0,0,0,0,0,0,0,0,0,0,1,1,0,0,1,1,1,2,1,2,1,1,1,1,1,2,2,2,2,1,29
627,1,0,0,0,0,0,0,0,1,0,0,0,0,0,0,1,1,1,1,1,1,1,1,1,1,1,2,2,1,1,2,37
628,1,0,0,1,0,0,0,0,0,0,0,0,0,0,0,1,1,1,2,1,2,1,1,1,1,1,2,2,1,1,2,46
629,1,0,0,0,0,0,1,0,1,0,0,1,0,0,0,1,1,1,2,1,1,1,1,1,1,1,2,2,1,2,1,34
630,1,0,0,1,0,0,0,0,0,0,0,0,0,0,0,1,1,1,2,1,2,2,2,2,2,1,2,2,1,1,1,24
631,1,0,1,0,0,0,0,0,0,0,0,0,0,0,0,1,1,1,1,1,1,1,1,1,1,1,2,2,1,2,1,29
632,1,0,0,0,0,0,0,0,1,0,0,0,0,0,0,1,2,2,2,1,2,2,2,2,2,1,2,2,1,1,1,49
633,1,0,0,0,1,0,0,0,0,0,0,0,0,0,0,1,1,1,1,1,1,1,1,1,1,1,2,2,1,1,1,54
634,1,0,0,0,0,0,0,0,0,0,0,0,0,1,1,1,2,1,2,1,1,1,1,1,2,1,2,2,1,1,2,45
635,1,0,0,0,0,1,0,0,1,0,0,0,1,0,0,2,1,1,2,1,1,1,1,1,1,1,1,1,1,1,2,47
636,1,0,0,0,0,0,0,0,0,0,0,0,0,0,1,2,1,1,2,1,1,1,1,1,1,1,1,1,1,1,2,43
637,1,0,0,1,0,0,0,0,0,0,0,0,0,0,0,1,1,1,1,1,2,2,2,2,2,1,2,2,1,1,1,58
638,1,0,0,0,0,0,1,0,0,0,0,0,0,0,0,1,1,1,2,1,1,1,1,1,1,2,2,2,2,2,1,35
639,1,0,0,0,0,1,0,0,0,0,0,0,0,0,0,1,1,1,1,1,1,1,1,1,1,1,2,2,1,1,1,36
640,1,0,0,0,0,0,0,0,1,0,0,0,0,0,0,2,2,1,2,1,2,1,1,1,1,1,1,2,1,1,1,39
641,1,0,0,1,0,0,0,0,1,0,0,1,1,0,0,1,1,1,2,1,2,1,1,2,2,2,2,2,1,1,1,37
642,1,0,0,0,1,0,0,0,0,0,0,0,0,0,0,2,2,2,2,2,2,2,2,1,2,2,2,2,2,2,2,48
643,1,1,0,0,0,0,0,0,0,0,0,0,0,0,0,2,1,1,2,1,1,2,1,1,2,1,2,1,2,1,1,29
644,1,0,0,0,1,0,0,0,0,0,0,0,0,0,0,1,2,2,2,1,2,2,1,2,2,1,2,2,2,2,2,27
645,1,1,0,0,0,0,0,0,1,0,0,0,0,0,0,2,1,1,2,1,2,1,1,1,1,1,2,2,1,1,1,28
646,1,0,0,0,0,0,0,0,1,0,0,0,0,0,0,2,1,2,2,2,2,1,1,2,2,1,2,2,2,2,2,47
647,1,1,0,0,0,0,0,0,0,0,0,0,0,0,0,1,1,1,2,1,2,1,1,1,1,1,1,2,1,1,2,27
648,1,0,0,1,0,1,0,0,0,0,0,0,0,0,0,1,1,2,2,1,2,1,1,1,1,1,2,2,1,1,2,52
649,1,1,1,0,0,0,0,0,0,0,0,0,0,0,0,1,1,2,1,1,2,1,1,1,1,2,1,2,1,1,2,36
650,1,0,0,0,0,0,0,0,1,0,0,0,0,0,0,2,2,2,2,2,2,2,2,2,2,2,2,2,2,2,2,39
651,1,0,0,0,0,0,0,0,1,0,0,0,0,0,0,2,1,1,2,1,2,1,1,2,1,2,2,2,1,1,2,27
652,1,1,0,0,0,0,0,0,0,0,0,0,0,0,0,2,2,2,2,2,2,2,2,2,2,1,2,2,2,1,1,38
653,1,1,0,0,0,0,0,0,0,0,0,0,0,0,0,1,1,1,2,1,2,1,1,1,1,1,2,2,2,2,1,49
654,1,1,0,0,0,0,0,0,0,0,0,0,0,0,0,2,1,1,2,1,2,1,1,1,1,1,1,2,2,2,1,47
655,1,0,0,0,0,0,0,0,1,0,0,0,0,0,0,2,1,1,1,2,1,1,1,1,1,1,1,1,2,1,2,55
656,1,0,0,0,1,1,1,0,0,0,0,0,0,1,0,1,1,1,2,1,1,1,1,1,1,1,2,2,1,1,2,27
657,1,0,0,1,0,1,0,0,0,0,0,0,0,0,0,1,1,1,2,1,2,1,1,1,1,1,1,1,1,1,1,28
658,1,0,0,1,0,0,1,0,0,0,0,0,0,0,0,1,1,1,2,1,2,1,1,1,1,1,1,1,1,1,2,29
659,1,0,0,0,0,0,0,0,0,0,0,1,0,0,0,2,1,2,2,1,2,1,1,1,1,1,2,2,2,2,2,50
660,1,1,0,1,0,0,0,0,1,0,0,1,0,0,0,2,2,2,2,1,2,1,1,1,1,1,2,2,2,2,2,47
661,1,0,0,0,0,0,0,0,1,0,0,0,0,0,0,2,2,1,2,1,2,1,1,1,2,1,2,2,1,1,2,41
662,1,1,1,0,0,0,0,0,0,0,0,0,0,0,0,1,1,2,2,2,2,2,2,2,2,1,2,2,2,2,2,26
663,1,0,0,0,0,0,0,0,1,0,0,0,0,0,0,2,1,2,2,1,1,1,1,1,1,1,2,2,1,1,2,29
664,1,0,1,1,0,0,1,0,0,0,0,0,0,0,0,2,2,2,2,1,2,1,2,2,2,2,2,2,2,2,1,24
665,1,1,0,0,0,0,0,0,0,0,0,0,0,0,0,2,2,2,2,2,2,2,2,1,2,1,2,2,1,1,2,30
666,1,0,0,0,0,0,1,1,0,0,0,0,0,0,0,1,1,1,2,1,2,2,2,2,1,1,2,1,2,2,1,41
667,1,0,0,1,0,0,0,0,0,0,0,0,0,0,0,2,2,2,2,2,2,2,2,2,2,1,1,2,2,2,2,39
668,1,0,1,1,0,1,1,0,1,1,0,1,1,0,0,1,1,1,2,1,2,2,1,1,2,2,2,2,2,1,1,36
669,1,0,0,0,0,0,0,0,1,0,0,0,0,0,0,1,1,1,2,1,1,1,1,1,1,1,1,1,1,1,2,32
670,1,0,0,0,0,1,0,0,0,0,0,0,0,0,0,1,1,1,2,1,1,1,1,1,1,1,2,2,1,1,2,27
671,1,0,0,0,0,0,0,0,1,0,0,0,0,0,0,1,1,1,2,2,2,2,2,1,1,1,1,1,1,1,1,28
672,1,0,0,0,0,0,0,0,0,0,1,1,0,0,0,2,1,1,2,1,2,1,1,1,2,1,2,2,1,1,1,36
673,1,1,0,0,0,0,0,0,1,0,0,0,0,0,0,2,1,1,2,1,2,1,1,1,1,1,2,2,1,1,1,47
674,1,0,0,0,0,0,0,0,0,0,0,1,0,0,0,2,1,1,2,2,2,2,2,2,2,1,1,2,2,2,1,23
675,1,0,0,0,0,0,0,0,1,0,0,0,0,0,0,2,2,1,2,1,2,2,1,1,2,2,2,2,2,2,1,27
676,1,0,0,1,0,0,0,0,0,0,0,0,0,0,0,1,2,1,2,1,1,1,1,1,1,1,2,2,1,1,2,28
677,1,0,0,0,0,0,0,0,1,0,0,0,0,0,0,1,1,1,2,1,2,1,1,1,1,1,2,2,2,2,2,53
678,1,0,0,0,0,0,0,0,1,0,0,0,0,0,0,1,1,2,2,1,2,1,2,2,1,1,2,2,1,1,2,39
679,1,0,0,0,0,1,0,0,0,0,0,0,0,0,0,1,1,1,1,1,1,1,1,1,1,1,1,1,1,1,2,25
680,1,0,0,1,0,0,0,0,0,0,0,0,0,0,0,1,1,1,1,1,2,1,1,1,1,1,2,2,2,2,1,47
681,1,0,0,1,0,0,0,0,0,0,0,0,0,0,0,2,2,1,2,1,2,2,2,2,1,1,1,2,1,2,1,25
682,1,0,0,0,0,0,0,0,1,0,0,0,0,0,0,1,1,1,2,1,2,1,1,1,1,1,2,2,1,1,1,56
683,1,0,1,0,0,0,1,0,0,0,0,0,0,0,0,1,1,1,1,1,1,1,1,1,1,1,1,1,1,1,2,26
684,1,0,1,0,0,0,0,0,0,0,0,0,0,0,0,1,1,1,2,1,1,1,1,1,1,1,2,2,1,1,2,26
685,1,0,0,0,0,0,0,0,1,0,0,0,0,0,0,1,1,1,1,1,1,1,1,1,1,1,2,2,1,1,2,57
686,1,0,0,0,0,0,0,0,1,0,0,1,0,0,0,1,1,1,1,1,1,1,1,1,2,2,2,2,1,1,1,48
687,1,0,0,0,0,0,0,0,1,0,0,0,0,0,0,1,1,1,2,1,2,2,1,1,2,1,2,2,2,1,1,38
688,1,0,0,0,0,0,0,0,1,0,0,0,0,0,0,1,1,1,2,1,1,1,1,1,1,1,1,1,1,1,2,42
689,1,0,0,0,0,0,0,0,1,0,0,0,0,0,0,2,1,1,2,1,2,1,1,1,1,1,2,2,1,1,1,29
690,1,0,1,0,0,0,0,0,0,0,0,0,0,0,0,1,1,1,1,1,2,1,1,1,1,1,1,2,1,1,2,26
691,1,0,0,0,0,0,0,0,0,0,0,1,0,0,0,2,2,2,2,2,2,2,2,2,2,2,2,2,2,2,1,20
692,1,0,0,0,0,0,0,0,1,0,0,0,0,0,0,1,1,1,2,1,1,1,1,1,1,2,2,2,1,1,1,28
693,1,0,0,0,0,0,1,0,1,1,0,1,1,0,0,1,2,2,2,1,2,1,1,1,1,1,2,2,2,2,1,23
694,1,0,0,1,0,0,0,0,1,0,0,0,0,0,0,2,2,1,1,1,2,2,2,1,2,1,1,1,2,2,1,35
695,1,0,0,0,0,1,0,0,1,0,0,0,0,0,0,1,1,1,2,1,2,2,2,1,2,1,2,2,1,1,1,43
696,1,0,0,0,0,1,0,0,1,0,0,0,0,0,0,2,1,1,2,1,1,1,1,1,1,1,1,2,1,1,2,24
697,1,0,0,0,0,0,0,0,1,0,0,0,0,0,0,1,1,1,2,1,2,1,1,1,1,1,2,2,2,1,2,59
698,1,0,1,1,0,0,1,0,1,0,1,1,1,0,0,1,1,1,1,1,1,1,1,1,1,2,2,2,1,1,1,30
699,1,0,0,1,0,0,0,0,0,0,0,0,0,0,0,1,1,1,2,1,2,1,1,1,1,1,2,2,1,1,2,29
700,1,1,0,0,0,0,0,0,0,0,0,0,0,0,0,1,1,1,1,1,2,1,1,1,1,1,2,2,1,1,1,41
701,1,0,0,0,0,0,0,0,1,0,0,1,1,0,0,2,1,2,2,1,2,2,2,2,1,1,2,2,1,1,1,43
702,1,0,0,0,0,0,0,0,0,0,0,0,1,0,0,1,1,1,2,1,1,2,1,1,1,1,1,1,1,1,1,57
703,1,0,0,0,0,0,0,0,1,0,0,1,1,0,0,1,1,1,2,1,2,1,1,1,1,1,2,2,1,1,1,48
704,1,0,0,1,0,0,0,0,0,0,0,0,0,0,0,2,1,1,2,1,1,1,1,1,1,2,2,2,1,1,2,33
705,1,0,0,0,0,1,0,0,0,0,0,0,0,0,0,2,1,1,2,1,1,1,1,1,1,2,2,2,1,1,1,53
706,1,0,0,1,0,0,0,0,0,0,0,0,0,0,0,1,1,1,1,1,1,1,1,1,1,1,1,1,1,1,2,38
707,1,0,0,0,0,0,0,0,1,0,0,1,0,0,0,2,2,2,2,1,2,2,2,2,2,1,2,2,2,2,1,49
708,1,0,0,0,0,0,0,0,0,0,0,1,0,0,0,2,1,1,2,1,2,2,1,1,2,1,2,2,1,1,1,42
709,1,0,0,0,0,0,0,0,1,0,0,0,0,0,0,2,2,1,2,1,2,1,1,1,2,2,1,2,1,1,2,45
710,1,0,0,0,0,1,0,0,0,0,0,0,0,0,0,1,2,1,1,1,1,2,2,1,1,1,2,2,2,2,1,51
711,1,0,0,0,0,0,0,0,1,0,0,0,0,0,0,1,2,1,2,1,2,1,1,1,1,1,2,2,1,1,1,51
712,1,0,0,1,0,0,0,0,0,0,0,0,0,0,0,2,2,2,2,2,2,2,2,2,2,2,2,2,2,1,2,21
713,1,0,0,0,0,0,0,0,1,0,0,0,0,0,0,2,1,2,2,2,2,1,1,1,1,2,2,2,1,1,1,59
714,1,0,0,0,0,0,0,0,1,0,0,0,0,0,0,2,2,2,2,2,2,2,1,2,1,1,2,2,2,2,1,27
715,1,0,0,0,0,0,1,0,0,0,0,0,0,0,0,2,2,2,1,2,2,2,2,2,2,2,2,2,2,2,1,44
716,1,0,0,1,0,0,0,0,1,0,0,0,0,0,0,1,2,1,1,1,1,1,1,1,1,1,2,2,1,1,1,49
717,1,0,1,0,0,0,0,0,0,0,0,0,0,0,0,1,1,1,1,1,1,1,1,1,1,1,1,1,1,1,2,48
718,1,0,0,0,0,0,0,0,1,1,0,1,1,0,0,1,1,1,2,1,1,2,2,1,1,1,1,1,1,1,1,43
719,1,1,0,0,0,0,0,0,0,0,0,0,0,0,0,1,1,1,1,1,1,1,1,1,1,1,2,1,1,1,1,50
720,1,1,0,0,0,0,0,0,0,0,0,0,0,0,0,2,1,1,2,1,2,1,1,2,1,1,1,2,1,1,1,32
721,1,0,0,0,0,0,0,0,1,0,0,1,0,0,0,1,2,1,1,1,2,1,1,1,1,1,2,2,1,1,1,29
722,1,0,0,0,0,0,0,0,1,0,1,0,0,1,0,1,2,2,2,1,2,2,2,1,1,2,2,2,2,2,2,30
723,1,0,0,0,0,0,0,0,1,0,0,0,0,0,0,1,1,1,1,1,2,1,1,1,1,1,2,1,1,1,2,28
724,1,0,0,0,0,0,0,0,1,0,0,1,0,0,0,2,1,1,2,1,1,1,1,1,1,1,2,2,2,1,2,37
725,1,1,0,0,0,0,0,0,0,0,0,0,0,0,0,1,1,1,2,1,2,1,1,1,1,1,2,2,1,2,1,22
726,1,0,0,0,0,0,0,0,0,0,0,1,0,0,0,2,1,1,2,1,2,2,2,2,2,1,2,2,2,2,1,23
727,1,0,0,1,0,0,0,0,0,0,0,0,0,0,0,2,1,2,1,2,1,2,2,1,1,1,2,2,1,1,2,24
728,1,1,1,0,0,0,0,0,0,0,0,0,0,0,0,1,1,2,1,2,1,2,1,1,2,2,1,1,1,1,1,21
729,1,0,0,0,0,0,0,0,1,0,0,0,0,0,0,2,1,1,2,1,2,2,2,1,2,1,2,2,1,1,2,52
730,1,0,0,1,0,0,0,0,0,0,0,0,0,0,0,2,2,2,2,2,2,1,1,1,1,1,2,2,2,2,2,36
731,1,0,0,0,0,0,0,0,1,0,0,1,1,0,0,2,2,2,2,1,2,1,1,1,1,1,2,2,1,1,1,56
732,1,0,0,0,0,0,0,0,1,0,0,0,0,0,0,1,1,1,2,1,1,1,2,1,2,1,2,2,1,1,1,22
733,1,0,0,1,0,0,0,0,0,0,0,0,0,0,0,2,2,2,2,2,2,2,2,2,2,2,2,2,2,2,1,26
734,1,0,1,0,0,0,0,0,1,0,0,0,0,1,0,1,1,1,2,1,2,1,1,1,1,1,2,2,1,1,1,46
735,1,0,0,1,0,1,0,1,1,0,0,0,0,0,0,2,1,1,2,1,2,1,1,2,1,2,2,2,1,1,2,21
736,1,0,0,0,0,0,0,0,1,0,0,0,0,0,0,1,1,1,2,1,2,1,1,1,1,1,2,2,1,1,2,47
737,1,0,0,0,0,0,0,0,1,0,0,0,0,0,0,1,1,1,2,1,2,1,1,1,1,1,2,2,1,1,2,24
738,1,0,0,0,0,0,0,0,0,0,1,1,0,0,0,2,1,2,2,1,2,2,2,2,1,1,2,2,2,1,2,20
739,1,0,0,0,0,0,0,0,1,0,0,0,0,0,0,1,2,1,2,2,2,1,1,1,1,1,2,2,1,1,1,39
740,1,0,0,0,0,0,0,0,1,0,0,0,0,0,0,1,1,1,2,1,2,1,1,2,1,1,1,2,1,1,1,35
741,1,0,0,0,0,0,0,0,1,0,0,0,0,0,0,1,1,1,2,1,2,1,2,2,1,1,2,2,1,1,1,24
742,1,0,0,0,0,1,0,0,0,0,0,0,0,0,0,2,2,2,2,2,2,2,2,2,2,2,2,2,2,2,1,34
743,1,0,0,0,0,1,0,0,1,0,0,0,0,0,0,2,2,2,2,1,2,2,2,1,1,2,2,2,2,2,2,48
744,1,0,0,0,0,0,0,0,1,0,0,1,1,0,0,2,1,1,2,2,2,2,1,1,1,1,2,2,2,2,2,27
745,1,0,0,0,0,1,0,0,1,0,0,0,0,0,0,2,2,2,2,1,2,1,1,2,2,1,2,2,2,2,1,24
746,1,0,0,1,0,0,0,0,1,0,0,0,0,0,0,2,2,2,2,1,1,1,1,1,1,1,2,2,1,1,2,50
747,1,0,0,0,0,0,0,0,1,0,0,0,0,0,0,1,1,1,1,1,1,1,1,1,1,1,1,1,1,1,1,41
748,1,0,0,0,0,0,0,0,1,0,0,0,0,0,0,2,1,1,2,2,2,1,1,1,1,1,1,2,1,1,2,45
749,1,0,0,0,0,0,0,0,1,0,0,0,0,0,0,2,1,1,2,1,2,1,1,1,1,1,1,1,1,1,1,39
750,1,0,0,1,0,0,0,0,0,0,0,0,0,0,0,2,1,1,2,1,2,1,1,2,1,1,2,2,1,1,2,25
751,1,0,0,1,0,0,0,0,0,0,0,0,0,0,0,2,1,1,2,1,2,1,1,1,1,1,2,2,1,1,2,29
752,1,0,0,0,0,0,0,0,1,0,0,0,0,0,0,2,2,2,2,2,2,2,2,2,2,1,2,2,1,1,1,44
753,1,1,0,0,0,0,0,0,0,0,0,0,0,0,0,2,2,2,2,1,2,2,2,2,2,1,2,2,2,2,2,44
754,1,0,0,0,0,0,0,0,0,0,1,0,0,0,0,1,2,2,2,1,1,1,2,1,2,1,1,1,1,1,1,28
755,1,0,1,0,0,0,0,0,0,0,0,0,0,0,0,2,2,1,2,1,1,1,1,1,1,1,2,2,1,1,2,54
756,1,0,0,0,0,0,0,0,1,0,0,0,0,0,0,1,1,1,2,2,2,1,1,1,1,2,2,2,1,2,1,39
757,1,0,1,0,0,0,0,0,0,0,0,0,0,0,0,1,1,1,1,1,1,1,1,1,1,1,2,2,2,1,2,44
758,1,0,0,0,0,0,0,1,1,0,0,0,0,0,0,1,1,1,1,1,1,1,1,1,1,1,1,1,1,1,2,21
759,1,0,0,0,0,0,0,0,0,1,0,0,0,0,0,1,1,1,2,1,2,1,1,1,1,1,2,2,1,2,2,28
760,1,0,1,0,0,0,0,0,1,0,0,0,0,0,0,1,1,2,2,2,2,1,1,2,1,1,2,2,1,1,1,49
761,1,0,0,0,0,1,0,0,1,0,0,0,0,0,0,1,1,1,2,1,1,1,1,1,1,1,1,1,2,2,2,27
762,1,0,0,0,0,1,0,0,1,0,0,0,0,0,0,2,2,2,2,1,2,1,1,2,1,1,2,2,1,1,2,42
763,1,0,1,0,0,0,0,0,0,0,0,0,0,0,0,1,1,1,2,2,2,2,2,2,2,2,2,2,2,2,1,34
764,1,0,0,0,0,0,0,0,1,0,0,1,0,0,0,2,1,1,2,1,2,1,1,1,2,2,2,2,2,2,1,48
765,1,0,0,0,0,0,0,0,1,0,0,0,0,0,0,2,2,2,2,2,2,2,2,2,2,2,2,2,2,2,2,29
766,1,0,0,0,0,1,0,0,0,0,0,0,0,0,0,1,1,1,2,2,2,1,1,1,1,1,2,2,1,1,2,53
767,1,0,0,0,0,0,0,0,1,0,0,0,0,0,0,2,2,2,2,2,2,2,2,2,2,2,2,2,2,2,2,22
768,1,0,0,1,0,1,0,0,0,0,0,0,0,0,0,1,1,1,2,1,2,1,1,1,1,1,2,1,1,1,2,29
769,1,0,0,1,0,0,0,0,1,0,0,0,0,0,0,1,1,2,2,1,2,1,1,1,1,1,2,2,1,1,1,53
770,1,0,0,0,0,0,0,0,1,0,1,0,0,0,0,1,1,1,2,1,2,1,1,1,1,1,2,2,1,2,2,26
771,1,0,0,0,0,0,0,0,1,1,1,0,0,0,0,2,2,2,2,2,2,2,2,2,2,1,1,1,1,1,1,52
772,1,0,0,0,0,0,0,0,1,0,0,0,0,0,0,1,1,1,2,1,2,1,1,1,1,1,2,2,2,2,2,27
773,1,0,0,1,0,0,0,0,0,0,0,0,0,0,0,1,1,2,2,1,2,1,1,1,1,1,2,2,2,2,2,30
774,1,0,0,0,0,0,0,0,0,0,0,1,0,0,0,2,1,2,2,1,2,1,1,1,1,1,2,2,1,1,1,23
775,1,0,0,1,0,0,0,0,0,0,0,0,0,0,0,2,2,1,1,1,2,2,2,1,1,1,2,2,2,1,1,41
776,1,0,0,0,0,0,0,0,1,0,0,0,0,0,0,1,1,1,1,1,1,1,1,1,1,2,2,2,2,2,2,56
777,1,0,0,1,0,0,0,0,0,0,0,0,0,0,0,1,1,1,2,2,2,1,1,1,1,1,1,1,1,1,2,27
778,1,0,0,0,0,0,0,0,1,0,0,1,0,0,0,2,2,1,2,1,1,1,1,2,1,1,1,1,1,1,2,44
779,1,0,0,0,0,0,0,0,1,0,0,0,0,0,0,2,2,1,2,1,1,2,2,1,1,1,2,2,1,1,1,39
780,1,0,0,0,1,0,0,0,0,0,0,0,0,0,0,1,1,1,1,1,1,1,1,1,1,1,1,1,1,1,1,31
781,1,0,0,1,0,0,0,0,0,0,0,0,0,0,0,2,2,2,2,1,2,2,2,2,2,2,2,2,2,2,2,38
782,1,0,0,0,0,1,0,0,0,0,0,0,0,0,0,2,2,1,2,1,2,1,1,1,2,1,2,2,2,2,2,52
783,1,0,0,0,0,0,0,0,1,0,0,0,0,0,0,1,1,2,2,1,2,2,1,1,1,1,1,2,1,1,2,39
784,1,0,0,0,0,0,0,0,1,0,0,1,0,0,0,2,1,1,1,1,1,1,1,1,1,1,2,2,1,1,2,34
785,1,0,0,0,0,0,0,0,0,0,0,0,0,1,0,1,1,1,2,1,2,1,1,1,1,1,2,2,1,1,1,35
786,1,0,0,0,0,0,0,0,1,0,0,0,0,0,0,2,1,2,2,1,2,2,2,2,2,1,2,2,2,2,2,35
787,1,0,0,0,0,0,0,0,1,0,0,1,1,0,0,2,1,1,2,1,2,1,1,1,1,1,2,2,2,2,2,28
788,1,0,1,0,0,0,0,0,0,0,0,0,0,0,0,2,2,2,2,2,2,2,2,2,2,2,2,2,2,2,2,45
789,1,0,0,0,0,1,0,0,0,0,0,0,0,0,0,1,1,2,2,2,2,2,2,2,1,1,2,2,2,2,2,55
790,1,0,0,1,0,0,0,0,0,0,0,0,0,0,0,2,2,2,2,2,2,1,1,1,2,1,2,2,2,2,2,49
791,1,0,0,0,0,1,0,0,0,0,0,0,0,0,0,2,1,2,2,1,2,1,1,1,1,1,2,2,2,1,2,21
792,1,0,1,0,0,0,0,0,0,0,0,0,0,0,0,2,1,1,2,1,2,1,1,1,1,1,2,2,1,2,2,51
793,1,0,0,0,1,1,0,0,1,0,0,0,0,0,0,1,2,2,2,1,2,2,1,1,1,1,2,2,2,2,1,24
794,1,0,0,0,0,0,0,0,0,0,0,0,0,1,0,2,1,2,2,2,2,2,2,2,2,2,2,2,2,2,1,26
795,1,0,0,0,0,0,0,0,1,0,0,1,0,0,0,1,1,1,2,1,2,1,1,2,1,1,2,2,1,1,1,23
796,1,0,0,1,0,1,0,0,1,0,0,0,0,0,0,2,2,1,2,1,2,1,1,1,1,1,2,2,1,1,2,26
797,1,0,0,0,0,0,0,0,1,0,0,1,0,0,0,1,1,1,1,2,1,1,1,1,1,1,2,2,1,1,1,38
798,1,0,0,0,0,1,0,0,1,0,0,1,0,0,0,2,1,2,2,1,2,2,2,1,1,1,2,2,2,2,1,38
799,1,0,0,0,0,1,0,0,1,0,0,0,1,0,0,1,1,1,1,1,1,1,1,1,1,1,2,2,2,1,1,28
800,1,0,0,1,0,0,0,0,1,0,0,0,0,0,0,1,2,1,1,1,2,1,1,1,1,1,2,1,1,1,2,52
801,1,0,0,0,0,1,0,0,0,0,0,1,0,0,0,2,1,2,2,1,2,1,1,1,1,2,2,2,2,2,2,30
802,1,0,0,0,0,1,0,0,1,0,0,0,0,0,0,1,2,1,2,1,2,1,1,1,2,1,2,2,1,2,1,29
803,1,0,0,0,0,0,0,0,1,0,0,0,0,0,0,2,1,2,1,1,2,2,2,1,2,1,1,1,2,2,2,29
804,1,0,0,0,0,0,0,0,1,0,0,0,0,0,0,1,1,1,2,1,1,1,1,1,1,1,2,1,1,1,2,52
805,1,0,0,0,0,0,0,0,1,0,0,0,0,0,0,1,1,1,1,1,1,1,1,1,1,1,1,1,1,1,1,20
806,1,0,0,0,0,0,0,0,0,0,0,0,0,0,1,1,1,1,2,1,2,1,1,1,1,1,2,2,1,1,2,29
807,1,1,0,0,0,0,1,1,1,1,0,1,0,0,0,2,1,1,2,1,2,1,2,1,1,1,2,2,1,1,1,45
808,1,0,0,1,0,1,0,0,1,1,1,0,0,0,0,2,2,2,2,1,2,1,1,1,1,1,2,2,1,1,1,45
809,1,0,0,0,0,0,0,0,1,0,0,0,0,0,0,2,2,2,2,2,2,2,2,2,2,2,2,2,2,2,1,28
810,1,0,0,0,0,0,0,0,1,0,0,0,0,0,0,1,1,1,1,1,1,1,1,1,1,1,2,2,1,1,1,24
811,1,0,0,0,0,0,0,0,1,0,0,1,0,0,0,1,1,1,2,1,1,1,1,2,1,1,2,2,1,1,2,26
812,1,0,0,0,0,0,0,0,1,0,0,0,0,1,0,1,1,1,1,1,1,1,1,1,1,1,1,1,1,1,2,35
813,1,0,0,0,0,0,0,0,1,0,0,0,0,0,0,1,1,1,2,1,2,1,1,2,1,1,2,2,2,2,2,37
814,1,0,0,0,0,0,0,0,0,0,0,0,0,0,1,1,1,1,1,1,2,1,1,1,1,1,1,2,1,1,2,36
815,1,0,0,0,0,0,0,0,1,0,0,0,0,0,0,1,1,1,2,2,2,1,1,1,1,1,2,2,2,2,1,31
816,1,0,0,0,0,0,0,0,1,0,0,0,0,0,0,2,1,1,2,1,2,1,1,1,2,1,2,2,1,1,2,27
817,1,0,1,1,0,0,0,0,0,0,0,0,0,0,0,2,1,1,2,1,2,2,2,2,2,1,2,2,2,2,2,24
818,1,0,0,1,0,0,0,0,0,0,0,0,0,0,0,2,1,1,2,2,2,2,2,2,1,1,2,2,2,2,2,27
819,1,0,0,0,0,1,0,0,0,0,0,0,0,0,0,1,2,1,1,1,2,1,1,1,1,1,2,2,1,1,2,49
820,1,0,0,1,1,0,0,0,0,0,0,0,0,0,0,2,1,1,2,1,1,1,1,2,1,1,1,1,1,1,1,28
821,1,0,0,0,0,0,0,0,1,0,1,0,0,0,0,2,2,2,2,1,2,1,1,1,2,1,2,2,2,2,2,28
822,1,0,0,0,0,0,0,0,1,0,0,0,0,0,0,2,1,1,2,1,2,1,2,1,2,1,2,1,1,1,2,51
823,1,0,0,0,0,1,1,0,0,0,0,1,1,0,0,1,1,1,2,1,2,2,2,1,1,1,2,2,1,1,2,27
824,1,0,0,0,0,0,0,0,0,0,0,0,0,0,1,2,2,2,2,2,2,2,2,2,1,2,2,2,1,1,2,57
825,1,0,0,0,0,0,0,0,1,0,0,0,0,0,0,2,2,2,2,2,2,1,1,2,2,2,2,2,2,2,1,45
826,1,0,0,1,0,1,0,0,0,0,0,0,0,0,0,1,1,1,2,1,1,1,1,1,1,1,2,2,2,1,2,21
827,1,0,0,0,0,0,0,0,1,0,0,0,0,0,0,2,1,1,2,1,2,1,1,2,2,1,2,2,1,1,2,29
828,1,0,0,1,0,0,0,0,0,0,0,0,0,0,0,1,2,1,2,2,2,1,1,1,1,1,2,2,1,1,1,52
829,1,0,0,1,0,0,0,0,0,0,0,0,0,0,0,1,1,1,1,1,2,1,1,1,1,1,2,2,1,1,1,51
830,1,0,1,0,0,0,0,0,0,0,0,0,0,0,0,1,1,1,1,1,1,1,1,1,1,1,1,1,1,1,2,25
831,1,0,1,1,1,1,0,0,0,0,0,0,0,0,0,2,2,1,2,2,2,1,1,1,1,1,2,2,1,2,1,22
832,1,0,0,0,0,0,0,0,1,0,0,0,1,0,0,2,2,2,2,1,2,1,1,1,1,1,2,2,2,2,1,23
833,1,0,0,1,0,0,0,0,0,0,0,0,0,0,0,1,1,1,1,1,1,1,1,1,1,1,1,2,1,1,2,28
834,1,0,0,0,0,0,0,0,0,1,0,0,0,0,0,1,1,1,2,1,2,1,1,2,1,1,1,2,2,2,2,53
835,1,0,0,0,0,0,0,0,0,0,0,1,0,0,0,2,1,1,2,1,2,2,2,1,1,1,2,2,2,2,1,28
836,1,0,0,0,0,0,0,1,1,0,0,0,0,0,0,1,1,1,2,2,2,1,1,1,1,1,2,2,1,1,2,23
837,1,0,0,0,0,0,0,0,1,0,0,1,0,0,0,1,1,1,1,1,2,1,1,2,2,1,2,2,1,1,1,56
838,1,0,0,0,0,0,0,0,1,0,1,1,1,0,0,1,1,1,2,1,2,1,1,1,1,1,2,2,1,1,1,37
839,1,0,0,0,0,0,1,0,0,0,0,0,0,0,0,2,1,2,2,1,2,1,1,1,1,1,2,2,1,1,2,30
840,1,0,0,1,0,1,1,0,1,0,0,1,1,0,0,1,1,1,2,1,1,1,1,1,1,1,2,2,1,1,2,27
841,1,0,0,1,0,1,1,0,0,0,0,1,1,0,0,1,1,1,2,1,2,2,1,1,1,1,2,2,1,1,2,27
842,1,0,0,0,0,0,0,0,0,0,1,0,0,0,0,2,1,2,2,1,2,1,1,2,1,2,2,2,1,1,1,22
843,1,0,0,0,0,0,0,0,1,0,0,0,0,0,0,1,1,1,1,1,1,1,1,1,1,1,2,2,1,1,1,33
844,1,0,0,0,0,0,0,0,0,0,0,0,0,0,1,2,2,1,2,1,2,1,1,2,1,1,2,2,1,1,2,59
845,1,0,0,1,0,0,0,0,0,0,0,0,0,0,0,1,1,1,2,1,2,1,1,1,1,1,1,1,2,1,2,38
846,1,0,1,1,1,1,0,0,0,0,0,0,0,0,0,2,2,1,2,1,2,2,2,1,1,2,2,2,1,2,2,20
847,1,0,0,1,0,0,0,0,0,0,0,0,0,0,0,2,1,1,1,2,1,2,1,1,1,1,1,1,1,1,1,33
848,1,0,0,1,0,0,0,0,0,0,0,0,0,0,0,2,2,2,2,2,2,2,2,2,2,2,2,2,1,1,2,28
849,1,0,0,0,0,0,0,0,1,0,0,0,0,0,0,2,1,1,2,1,2,2,2,1,1,2,2,2,1,1,2,27
850,1,0,0,1,0,1,1,0,0,0,0,1,1,0,0,1,1,1,2,1,1,1,1,1,1,1,2,2,1,1,2,27
851,1,0,0,0,0,0,0,0,1,0,0,1,0,0,0,2,1,2,2,1,2,1,1,2,1,1,2,2,2,2,1,27
852,1,0,0,0,0,0,0,0,0,0,0,0,0,0,1,1,1,1,1,2,1,1,1,1,1,1,2,2,2,2,1,45
853,1,0,1,1,1,1,0,0,0,0,0,0,0,0,0,2,2,2,2,1,2,1,1,1,1,2,2,2,1,2,1,22
854,1,0,0,1,0,0,0,0,0,0,0,0,0,0,0,2,2,2,2,1,2,1,1,2,1,1,2,2,1,1,1,36
855,1,0,1,1,0,0,0,0,1,1,0,0,0,0,0,1,1,1,2,1,2,1,1,1,1,1,1,1,1,1,1,51
856,1,0,0,0,0,0,0,0,0,0,0,1,0,0,0,2,2,2,2,2,2,2,2,2,2,2,2,2,2,2,1,47
857,1,0,0,0,0,0,0,0,1,0,0,0,0,0,0,1,1,1,1,1,1,1,1,1,1,1,1,1,1,1,1,38
858,1,0,0,1,0,0,0,0,0,0,0,0,0,0,0,2,1,1,2,1,1,2,2,2,1,1,2,2,1,1,1,23
859,1,0,0,1,0,0,0,0,1,1,0,1,0,0,0,1,2,1,2,2,1,2,1,2,1,1,1,2,2,1,2,41
860,1,0,0,0,0,0,0,0,1,0,0,0,0,0,0,1,1,2,2,1,2,1,1,1,1,1,2,2,2,1,2,29
861,1,0,0,0,0,0,0,0,1,0,0,1,0,0,0,1,1,1,2,1,2,2,2,2,1,1,2,2,1,1,2,29
862,1,0,0,1,0,0,0,0,0,0,0,0,0,0,0,2,2,2,2,1,2,2,1,1,1,1,1,1,1,1,1,46
863,1,0,0,1,0,1,0,0,1,0,0,0,0,0,0,1,1,1,2,1,2,2,2,2,1,1,2,2,1,2,1,27
864,1,0,0,1,0,1,1,0,1,0,0,1,0,0,0,1,1,1,1,1,1,1,1,1,1,1,2,2,1,1,2,25
865,1,0,0,0,0,0,0,0,0,0,0,0,0,0,1,1,1,1,1,1,2,2,2,1,1,1,2,2,1,1,2,21
866,1,0,0,0,0,1,0,0,0,0,0,0,0,0,0,1,1,1,2,1,2,1,1,1,1,2,1,2,1,1,1,28
867,1,0,0,0,1,0,0,0,1,0,0,0,0,0,0,1,1,1,2,1,2,1,1,2,1,1,2,2,1,1,2,36
868,1,0,0,0,0,0,0,0,1,0,0,0,0,0,0,1,2,1,2,2,2,1,1,1,2,2,2,2,2,2,1,36
869,1,0,1,0,0,1,1,0,0,0,0,1,0,0,0,1,1,1,1,1,2,1,1,1,1,1,2,2,1,1,2,25
870,1,0,0,0,0,0,0,0,1,0,0,0,0,0,0,1,1,1,2,1,2,1,1,1,1,1,2,2,2,2,1,25
871,1,0,1,0,0,0,0,0,0,0,0,0,0,0,0,1,1,1,1,1,2,1,1,1,1,1,1,1,1,1,2,39
872,1,0,0,0,0,0,0,0,1,0,0,0,0,0,0,2,2,1,2,1,2,1,1,2,1,1,2,2,2,2,1,54
873,1,0,0,0,0,1,0,0,1,0,0,0,0,0,1,2,1,1,2,1,1,1,1,2,1,1,2,2,2,1,2,29
874,1,0,0,1,0,0,0,0,0,0,0,0,0,0,0,1,1,1,2,1,1,1,1,1,1,1,2,1,1,1,2,28
875,1,0,0,0,0,0,0,0,1,0,0,0,0,0,0,1,2,2,1,1,1,2,2,2,1,1,1,1,2,2,2,36
876,1,1,0,1,0,1,0,0,0,0,0,0,0,0,0,1,1,1,2,1,2,1,1,1,1,1,2,2,1,2,2,21
877,1,0,0,0,0,0,0,0,1,0,0,0,0,0,0,1,1,1,2,1,2,1,1,1,2,1,2,2,2,2,1,45
878,1,0,0,0,0,1,0,0,1,1,1,1,1,0,0,2,1,2,1,1,1,2,1,2,1,1,1,2,1,1,2,38
879,1,0,0,1,0,0,0,0,0,0,0,0,0,0,0,2,2,2,2,2,2,2,1,1,2,1,2,2,1,2,2,44
880,1,0,0,0,0,1,0,0,1,0,0,1,0,0,0,2,2,2,2,2,2,2,2,2,2,1,2,2,2,2,1,29
881,1,0,0,1,0,0,0,0,1,0,0,0,0,0,0,2,2,2,2,1,2,1,1,2,2,1,2,2,1,2,2,28
882,1,0,0,0,0,0,0,0,1,0,0,1,0,0,0,1,1,1,1,1,1,1,1,1,1,1,1,2,1,1,1,33
883,1,0,0,0,0,0,0,0,1,0,0,1,0,0,0,1,2,1,2,1,1,1,1,1,1,1,1,1,1,1,2,31
884,1,0,0,0,0,1,0,0,0,0,0,0,0,0,0,1,1,1,2,1,1,2,2,1,1,1,2,2,1,1,1,49
885,1,0,0,0,0,0,0,0,1,0,0,0,0,0,0,2,1,1,2,2,1,1,1,1,1,1,2,2,1,1,2,48
886,1,0,0,0,0,0,0,0,1,0,0,0,0,0,0,2,2,2,2,2,2,2,2,2,2,2,2,2,2,2,2,43
887,1,0,0,0,0,1,0,0,0,0,0,0,0,0,0,1,1,2,2,2,2,1,1,1,1,1,2,2,1,1,1,23
888,1,0,0,1,0,1,0,0,1,0,0,0,0,1,0,1,1,1,1,1,2,1,1,1,1,1,2,2,1,1,2,32
889,1,0,0,0,0,0,0,0,0,1,0,0,0,0,0,2,1,1,1,1,2,1,1,1,1,1,2,2,1,1,1,29
890,1,0,0,0,0,0,0,1,0,0,0,0,0,0,0,2,2,1,2,1,2,1,1,2,1,2,2,2,1,2,2,33
891,1,0,0,0,0,0,0,0,1,0,0,0,0,0,0,1,1,1,1,1,1,1,1,1,1,1,1,1,1,1,1,38
892,1,0,0,0,0,0,0,0,1,1,0,0,1,0,0,1,1,1,2,1,1,1,1,1,1,1,2,2,1,1,2,52
893,1,0,0,0,0,0,0,0,1,0,0,0,0,0,0,2,1,1,2,1,1,1,1,1,1,1,2,2,1,1,2,22
894,1,1,0,0,0,0,0,0,0,0,0,0,0,0,0,2,2,2,2,2,2,2,2,2,2,2,2,2,2,2,2,29
895,1,0,0,0,0,0,0,0,1,0,1,1,0,0,0,1,1,1,2,2,2,1,1,1,1,1,1,1,2,2,1,25
896,1,0,0,1,0,0,0,0,0,0,0,0,0,0,0,1,2,1,1,1,1,1,2,1,1,2,1,1,1,2,1,20
897,1,0,0,1,0,0,0,0,0,0,0,0,0,0,0,1,1,1,2,1,1,1,1,1,1,1,2,2,1,1,2,21
898,1,0,0,0,0,0,0,0,1,0,0,0,0,0,0,2,2,2,2,2,2,2,2,2,2,2,2,2,2,2,1,28
899,1,0,0,0,0,0,0,0,0,0,0,0,0,0,1,2,1,1,1,1,1,1,1,1,1,1,2,2,1,1,2,30
900,1,0,0,1,0,1,0,0,0,0,0,0,0,0,0,1,2,1,1,1,2,1,1,1,2,2,2,2,2,2,2,21
